student_id,average_score,completion_percentage,final_result,is_at_risk
OULAD_2801,31.9,67.8,Fail,1
OULAD_2190,69.8,69.2,Pass,0
OULAD_2817,61.0,62.1,Fail,1
OULAD_1251,92.0,98.2,Distinction,0
OULAD_3505,38.0,41.5,Withdrawn,1
OULAD_2117,85.1,94.1,Pass,0
OULAD_2411,56.1,25.0,Fail,1
OULAD_3113,31.5,5.5,Withdrawn,1
OULAD_1408,79.4,85.9,Pass,0
OULAD_3579,37.9,28.3,Withdrawn,1
OULAD_3254,28.3,14.9,Withdrawn,1
OULAD_1052,82.4,92.7,Distinction,0
OULAD_1644,70.1,74.5,Pass,0
OULAD_2763,55.3,39.4,Fail,1
OULAD_3776,2.8,35.2,Withdrawn,1
OULAD_1900,77.8,84.8,Pass,0
OULAD_2073,81.7,80.3,Pass,0
OULAD_1472,65.4,75.7,Pass,0
OULAD_3738,67.7,17.9,Withdrawn,1
OULAD_3546,62.6,60.0,Withdrawn,1
OULAD_1044,77.6,100.0,Distinction,0
OULAD_1289,67.2,89.8,Pass,0
OULAD_1912,79.3,92.6,Pass,0
OULAD_3083,28.6,10.9,Withdrawn,1
OULAD_2360,75.4,85.9,Pass,0
OULAD_3895,37.8,44.1,Withdrawn,1
OULAD_3603,23.0,43.5,Withdrawn,1
OULAD_2226,89.6,89.9,Pass,0
OULAD_1296,52.7,94.7,Pass,0
OULAD_2241,69.3,100.0,Pass,0
OULAD_2005,72.3,90.7,Pass,0
OULAD_2665,67.8,62.8,Fail,1
OULAD_1746,65.1,84.2,Pass,0
OULAD_3851,47.5,20.5,Withdrawn,1
OULAD_1291,89.7,92.9,Pass,0
OULAD_1781,74.6,92.6,Pass,0
OULAD_3144,42.8,42.5,Withdrawn,1
OULAD_1322,75.3,87.8,Pass,0
OULAD_1298,54.2,86.7,Pass,0
OULAD_2298,56.9,84.5,Pass,0
OULAD_1194,87.5,95.6,Distinction,0
OULAD_1063,79.3,93.3,Distinction,0
OULAD_1393,66.1,72.9,Pass,0
OULAD_1727,76.8,100.0,Pass,0
OULAD_2583,43.5,50.1,Fail,1
OULAD_2547,43.2,59.9,Fail,1
OULAD_3425,72.2,38.5,Withdrawn,1
OULAD_1014,76.2,100.0,Distinction,0
OULAD_3567,20.0,39.1,Withdrawn,1
OULAD_2600,44.9,83.5,Fail,1
OULAD_2090,70.9,93.7,Pass,0
OULAD_3111,32.8,60.0,Withdrawn,1
OULAD_1203,92.8,100.0,Distinction,0
OULAD_3418,57.9,18.9,Withdrawn,1
OULAD_1152,82.4,95.0,Distinction,0
OULAD_3901,40.5,0.0,Withdrawn,1
OULAD_2359,78.7,86.0,Pass,0
OULAD_1772,80.7,86.2,Pass,0
OULAD_3678,26.4,33.8,Withdrawn,1
OULAD_2001,76.5,100.0,Pass,0
OULAD_1718,69.0,95.2,Pass,0
OULAD_1612,66.6,100.0,Pass,0
OULAD_1842,78.8,73.5,Pass,0
OULAD_1266,96.3,92.6,Distinction,0
OULAD_1051,84.2,98.4,Distinction,0
OULAD_2195,76.3,86.2,Pass,0
OULAD_2270,70.8,94.8,Pass,0
OULAD_2491,40.9,51.4,Fail,1
OULAD_2582,46.9,73.0,Fail,1
OULAD_1521,72.9,93.0,Pass,0
OULAD_2694,37.2,69.1,Fail,1
OULAD_3663,50.5,4.3,Withdrawn,1
OULAD_3748,53.3,27.7,Withdrawn,1
OULAD_2921,27.5,56.5,Fail,1
OULAD_1102,84.4,100.0,Distinction,0
OULAD_1695,84.0,100.0,Pass,0
OULAD_3332,26.2,32.1,Withdrawn,1
OULAD_3724,39.3,20.8,Withdrawn,1
OULAD_3272,77.1,8.8,Withdrawn,1
OULAD_3482,57.7,29.3,Withdrawn,1
OULAD_2842,53.7,83.2,Fail,1
OULAD_2830,46.1,55.0,Fail,1
OULAD_1794,67.7,78.4,Pass,0
OULAD_2820,41.0,77.5,Fail,1
OULAD_3001,41.2,52.3,Fail,1
OULAD_1144,88.1,97.3,Distinction,0
OULAD_3525,44.8,18.2,Withdrawn,1
OULAD_2330,69.4,92.1,Pass,0
OULAD_3477,41.0,27.7,Withdrawn,1
OULAD_3881,64.6,50.3,Withdrawn,1
OULAD_1321,66.7,84.5,Pass,0
OULAD_2261,55.1,93.8,Pass,0
OULAD_3414,41.4,16.6,Withdrawn,1
OULAD_2269,45.1,85.4,Pass,0
OULAD_2760,34.7,61.4,Fail,1
OULAD_1416,68.8,77.1,Pass,0
OULAD_3631,16.0,41.8,Withdrawn,1
OULAD_3291,27.2,35.3,Withdrawn,1
OULAD_1174,88.2,90.8,Distinction,0
OULAD_2725,51.3,59.1,Fail,1
OULAD_3175,14.2,56.8,Withdrawn,1
OULAD_1045,82.2,96.1,Distinction,0
OULAD_1685,81.1,87.2,Pass,0
OULAD_2607,15.0,62.3,Fail,1
OULAD_2231,66.0,85.8,Pass,0
OULAD_1862,85.5,81.2,Pass,0
OULAD_2965,33.7,82.2,Fail,1
OULAD_1331,62.7,86.3,Pass,0
OULAD_1093,84.5,97.6,Distinction,0
OULAD_2641,37.5,41.3,Fail,1
OULAD_3986,54.8,15.2,Withdrawn,1
OULAD_1506,64.5,80.1,Pass,0
OULAD_3909,2.0,13.6,Withdrawn,1
OULAD_3045,68.0,58.3,Fail,1
OULAD_1495,64.7,92.5,Pass,0
OULAD_3132,24.3,34.3,Withdrawn,1
OULAD_1000,89.5,100.0,Distinction,0
OULAD_1314,72.6,78.6,Pass,0
OULAD_2272,86.0,84.7,Pass,0
OULAD_2941,41.9,39.7,Fail,1
OULAD_3967,29.6,47.6,Withdrawn,1
OULAD_2316,72.6,98.1,Pass,0
OULAD_1755,74.9,77.8,Pass,0
OULAD_2770,57.7,53.9,Fail,1
OULAD_2200,81.8,94.5,Pass,0
OULAD_3174,42.5,36.8,Withdrawn,1
OULAD_2991,52.8,70.0,Fail,1
OULAD_1879,63.4,100.0,Pass,0
OULAD_1765,85.2,100.0,Pass,0
OULAD_1927,76.0,88.5,Pass,0
OULAD_3377,43.8,0.0,Withdrawn,1
OULAD_2374,61.4,83.1,Pass,0
OULAD_2814,49.4,63.8,Fail,1
OULAD_2798,56.8,67.5,Fail,1
OULAD_1929,83.3,81.4,Pass,0
OULAD_1436,59.5,100.0,Pass,0
OULAD_1196,81.2,98.5,Distinction,0
OULAD_2762,30.2,83.6,Fail,1
OULAD_2064,72.3,91.0,Pass,0
OULAD_3342,22.9,0.8,Withdrawn,1
OULAD_3528,49.6,25.1,Withdrawn,1
OULAD_2268,60.5,89.0,Pass,0
OULAD_3323,32.4,31.4,Withdrawn,1
OULAD_3779,50.6,39.2,Withdrawn,1
OULAD_3225,14.5,10.8,Withdrawn,1
OULAD_1450,73.8,86.7,Pass,0
OULAD_3164,13.9,40.7,Withdrawn,1
OULAD_3372,51.9,10.5,Withdrawn,1
OULAD_3012,51.1,95.0,Fail,1
OULAD_1270,78.5,92.0,Pass,0
OULAD_2840,53.2,39.5,Fail,1
OULAD_3934,55.2,54.8,Withdrawn,1
OULAD_1978,73.1,96.9,Pass,0
OULAD_3166,67.8,19.9,Withdrawn,1
OULAD_1354,85.3,85.5,Pass,0
OULAD_2876,42.0,74.7,Fail,1
OULAD_1184,85.2,93.9,Distinction,0
OULAD_3744,47.5,0.0,Withdrawn,1
OULAD_2614,23.6,75.9,Fail,1
OULAD_3759,23.1,41.7,Withdrawn,1
OULAD_2706,43.7,32.0,Fail,1
OULAD_2861,35.5,92.5,Fail,1
OULAD_1246,83.7,98.0,Distinction,0
OULAD_1555,84.1,88.9,Pass,0
OULAD_2752,40.5,64.2,Fail,1
OULAD_2364,68.0,83.1,Pass,0
OULAD_1067,92.5,94.7,Distinction,0
OULAD_3618,16.0,34.2,Withdrawn,1
OULAD_3284,49.3,53.9,Withdrawn,1
OULAD_1532,71.9,90.7,Pass,0
OULAD_3873,28.9,13.4,Withdrawn,1
OULAD_3705,56.1,0.0,Withdrawn,1
OULAD_2502,37.2,70.8,Fail,1
OULAD_1761,56.0,87.2,Pass,0
OULAD_3752,26.8,50.3,Withdrawn,1
OULAD_2211,67.6,95.9,Pass,0
OULAD_3243,48.9,38.5,Withdrawn,1
OULAD_2793,61.3,61.1,Fail,1
OULAD_1535,68.2,84.3,Pass,0
OULAD_2746,31.2,58.1,Fail,1
OULAD_1463,55.7,95.8,Pass,0
OULAD_3677,22.4,49.5,Withdrawn,1
OULAD_2839,23.7,51.7,Fail,1
OULAD_3862,69.6,22.6,Withdrawn,1
OULAD_1124,90.0,100.0,Distinction,0
OULAD_1178,84.9,93.9,Distinction,0
OULAD_1192,87.8,93.2,Distinction,0
OULAD_3307,78.8,14.4,Withdrawn,1
OULAD_2429,44.1,58.6,Fail,1
OULAD_2691,56.3,64.8,Fail,1
OULAD_1741,72.8,100.0,Pass,0
OULAD_2034,75.8,83.0,Pass,0
OULAD_2966,42.6,74.3,Fail,1
OULAD_1478,65.5,83.3,Pass,0
OULAD_2027,68.4,96.3,Pass,0
OULAD_3601,12.6,26.3,Withdrawn,1
OULAD_1368,59.4,83.7,Pass,0
OULAD_3523,2.9,18.2,Withdrawn,1
OULAD_1845,74.3,91.6,Pass,0
OULAD_1256,94.1,89.5,Distinction,0
OULAD_2222,65.9,90.0,Pass,0
OULAD_2992,48.3,47.9,Fail,1
OULAD_1211,93.3,92.2,Distinction,0
OULAD_3689,55.0,25.3,Withdrawn,1
OULAD_2949,34.2,63.4,Fail,1
OULAD_2362,65.2,86.2,Pass,0
OULAD_3151,57.2,14.4,Withdrawn,1
OULAD_3153,63.2,19.5,Withdrawn,1
OULAD_1567,62.0,97.5,Pass,0
OULAD_3206,31.2,46.6,Withdrawn,1
OULAD_3093,8.9,55.3,Withdrawn,1
OULAD_2710,40.2,62.3,Fail,1
OULAD_2263,69.7,82.6,Pass,0
OULAD_3123,0.0,26.9,Withdrawn,1
OULAD_1798,66.8,84.9,Pass,0
OULAD_1080,85.2,97.2,Distinction,0
OULAD_1032,86.4,99.0,Distinction,0
OULAD_1414,60.0,89.7,Pass,0
OULAD_2804,54.8,51.7,Fail,1
OULAD_3213,59.5,34.4,Withdrawn,1
OULAD_2321,45.0,100.0,Pass,0
OULAD_2567,35.8,71.7,Fail,1
OULAD_1783,73.3,74.4,Pass,0
OULAD_3991,60.8,32.9,Withdrawn,1
OULAD_2412,45.4,58.5,Fail,1
OULAD_1457,74.1,99.3,Pass,0
OULAD_1139,79.1,98.1,Distinction,0
OULAD_3230,34.4,56.9,Withdrawn,1
OULAD_2025,70.1,84.3,Pass,0
OULAD_1088,83.3,97.3,Distinction,0
OULAD_2442,32.7,95.0,Fail,1
OULAD_2831,68.0,62.7,Fail,1
OULAD_3576,16.9,17.3,Withdrawn,1
OULAD_1254,77.4,92.9,Distinction,0
OULAD_1605,87.2,86.1,Pass,0
OULAD_2044,71.1,94.8,Pass,0
OULAD_1568,79.9,80.3,Pass,0
OULAD_2732,44.8,43.1,Fail,1
OULAD_3542,68.0,47.6,Withdrawn,1
OULAD_1857,64.2,91.2,Pass,0
OULAD_3472,9.2,22.0,Withdrawn,1
OULAD_1817,73.1,82.0,Pass,0
OULAD_3030,47.7,38.0,Fail,1
OULAD_2877,43.5,72.7,Fail,1
OULAD_1141,94.3,91.5,Distinction,0
OULAD_1443,74.6,97.2,Pass,0
OULAD_2174,74.6,99.0,Pass,0
OULAD_1486,75.4,85.4,Pass,0
OULAD_1881,51.6,97.8,Pass,0
OULAD_3564,29.8,28.5,Withdrawn,1
OULAD_2084,65.8,75.4,Pass,0
OULAD_2299,66.2,100.0,Pass,0
OULAD_1175,91.5,98.7,Distinction,0
OULAD_2094,81.8,77.1,Pass,0
OULAD_3700,42.3,27.6,Withdrawn,1
OULAD_3846,61.1,60.0,Withdrawn,1
OULAD_2963,67.7,25.0,Fail,1
OULAD_3681,37.4,22.5,Withdrawn,1
OULAD_3097,37.6,10.1,Withdrawn,1
OULAD_3155,51.4,27.8,Withdrawn,1
OULAD_2556,50.2,50.0,Fail,1
OULAD_2670,60.4,52.1,Fail,1
OULAD_1177,95.2,92.2,Distinction,0
OULAD_2078,58.7,88.3,Pass,0
OULAD_1598,76.9,94.6,Pass,0
OULAD_3190,60.0,17.8,Withdrawn,1
OULAD_3531,58.9,16.0,Withdrawn,1
OULAD_3667,42.6,39.5,Withdrawn,1
OULAD_3786,57.7,26.3,Withdrawn,1
OULAD_1479,58.3,87.9,Pass,0
OULAD_2967,34.4,61.0,Fail,1
OULAD_2057,69.7,88.4,Pass,0
OULAD_3268,4.9,6.6,Withdrawn,1
OULAD_1533,66.8,84.6,Pass,0
OULAD_2103,56.5,85.5,Pass,0
OULAD_2106,65.0,88.9,Pass,0
OULAD_3927,80.0,30.7,Withdrawn,1
OULAD_2123,72.2,78.8,Pass,0
OULAD_1942,64.5,94.8,Pass,0
OULAD_1162,93.5,94.9,Distinction,0
OULAD_2551,38.7,71.3,Fail,1
OULAD_1965,85.8,100.0,Pass,0
OULAD_1471,59.5,100.0,Pass,0
OULAD_1844,72.4,75.5,Pass,0
OULAD_1998,64.4,96.1,Pass,0
OULAD_2904,41.7,71.4,Fail,1
OULAD_1030,82.9,92.7,Distinction,0
OULAD_3890,36.3,24.4,Withdrawn,1
OULAD_1423,76.5,90.9,Pass,0
OULAD_1511,59.0,95.5,Pass,0
OULAD_3758,58.6,19.7,Withdrawn,1
OULAD_3737,53.7,50.6,Withdrawn,1
OULAD_2393,65.5,78.0,Pass,0
OULAD_2586,49.1,65.1,Fail,1
OULAD_2929,67.6,71.5,Fail,1
OULAD_3497,19.9,17.6,Withdrawn,1
OULAD_1787,81.6,88.2,Pass,0
OULAD_3636,67.3,60.0,Withdrawn,1
OULAD_3538,54.4,8.3,Withdrawn,1
OULAD_1402,67.9,100.0,Pass,0
OULAD_1433,58.3,88.9,Pass,0
OULAD_2151,80.7,88.9,Pass,0
OULAD_1073,95.9,94.0,Distinction,0
OULAD_2536,47.0,51.0,Fail,1
OULAD_3709,0.0,58.4,Withdrawn,1
OULAD_1621,75.6,78.3,Pass,0
OULAD_2437,36.0,63.9,Fail,1
OULAD_2559,49.2,53.6,Fail,1
OULAD_2566,61.2,58.9,Fail,1
OULAD_1324,80.3,96.0,Pass,0
OULAD_1332,78.8,88.7,Pass,0
OULAD_2392,51.9,91.5,Pass,0
OULAD_1650,80.7,96.5,Pass,0
OULAD_3236,30.7,5.6,Withdrawn,1
OULAD_2533,43.7,65.0,Fail,1
OULAD_3163,51.1,28.3,Withdrawn,1
OULAD_1543,72.8,81.5,Pass,0
OULAD_3958,65.2,20.9,Withdrawn,1
OULAD_2818,55.4,67.6,Fail,1
OULAD_2624,46.7,80.7,Fail,1
OULAD_2177,76.3,86.0,Pass,0
OULAD_1679,73.2,100.0,Pass,0
OULAD_3096,36.6,42.2,Withdrawn,1
OULAD_3029,49.5,66.3,Fail,1
OULAD_2659,54.3,25.0,Fail,1
OULAD_2637,42.0,89.3,Fail,1
OULAD_1239,91.6,92.7,Distinction,0
OULAD_3124,0.0,39.0,Withdrawn,1
OULAD_3619,33.3,25.5,Withdrawn,1
OULAD_3290,47.5,53.2,Withdrawn,1
OULAD_1764,66.7,79.6,Pass,0
OULAD_2128,81.8,75.5,Pass,0
OULAD_2885,33.1,54.0,Fail,1
OULAD_2116,82.7,92.2,Pass,0
OULAD_2102,58.7,93.5,Pass,0
OULAD_3847,35.2,12.1,Withdrawn,1
OULAD_3330,50.8,19.4,Withdrawn,1
OULAD_2361,63.4,80.5,Pass,0
OULAD_3316,29.6,3.8,Withdrawn,1
OULAD_2407,84.7,91.7,Pass,0
OULAD_3529,65.6,26.2,Withdrawn,1
OULAD_1343,60.9,69.7,Pass,0
OULAD_2105,69.1,91.3,Pass,0
OULAD_3592,31.8,15.9,Withdrawn,1
OULAD_1557,66.3,86.5,Pass,0
OULAD_2475,40.0,70.6,Fail,1
OULAD_3703,42.3,18.3,Withdrawn,1
OULAD_1594,65.5,69.1,Pass,0
OULAD_2557,39.2,78.8,Fail,1
OULAD_1411,60.8,88.8,Pass,0
OULAD_2055,53.2,96.9,Pass,0
OULAD_3473,31.2,20.0,Withdrawn,1
OULAD_1108,88.0,100.0,Distinction,0
OULAD_3025,56.7,46.4,Fail,1
OULAD_3706,41.6,43.6,Withdrawn,1
OULAD_1318,78.5,91.7,Pass,0
OULAD_3718,4.4,36.9,Withdrawn,1
OULAD_1840,69.3,86.7,Pass,0
OULAD_3957,34.1,37.6,Withdrawn,1
OULAD_2351,58.1,80.0,Pass,0
OULAD_3825,41.8,1.2,Withdrawn,1
OULAD_3366,63.1,49.8,Withdrawn,1
OULAD_2882,61.3,95.0,Fail,1
OULAD_1680,68.8,91.3,Pass,0
OULAD_1729,76.2,73.3,Pass,0
OULAD_1789,67.7,92.9,Pass,0
OULAD_2813,54.3,49.0,Fail,1
OULAD_2345,95.0,83.5,Pass,0
OULAD_2868,47.0,58.7,Fail,1
OULAD_3069,62.6,65.1,Fail,1
OULAD_1432,64.7,82.5,Pass,0
OULAD_1564,70.7,87.8,Pass,0
OULAD_2748,61.9,57.8,Fail,1
OULAD_2776,31.6,84.6,Fail,1
OULAD_1070,88.7,92.7,Distinction,0
OULAD_2788,41.5,52.0,Fail,1
OULAD_2229,76.3,92.0,Pass,0
OULAD_2512,43.7,95.0,Fail,1
OULAD_1056,81.5,100.0,Distinction,0
OULAD_2601,61.9,80.7,Fail,1
OULAD_1651,61.8,86.6,Pass,0
OULAD_3176,45.0,7.2,Withdrawn,1
OULAD_1897,76.1,86.2,Pass,0
OULAD_1785,65.0,81.4,Pass,0
OULAD_1309,81.3,83.6,Pass,0
OULAD_3404,57.2,14.4,Withdrawn,1
OULAD_2741,41.6,72.6,Fail,1
OULAD_1907,70.1,81.8,Pass,0
OULAD_1602,58.6,80.3,Pass,0
OULAD_2178,82.1,80.0,Pass,0
OULAD_3297,42.6,40.1,Withdrawn,1
OULAD_2745,26.4,32.7,Fail,1
OULAD_2161,78.3,73.5,Pass,0
OULAD_2509,61.6,45.8,Fail,1
OULAD_3095,56.3,22.5,Withdrawn,1
OULAD_2577,47.1,68.8,Fail,1
OULAD_1572,60.9,81.7,Pass,0
OULAD_1554,67.0,93.6,Pass,0
OULAD_1945,82.2,90.6,Pass,0
OULAD_3996,42.6,46.4,Withdrawn,1
OULAD_1874,69.4,83.4,Pass,0
OULAD_3994,55.4,41.8,Withdrawn,1
OULAD_2569,48.4,73.2,Fail,1
OULAD_3668,17.4,0.3,Withdrawn,1
OULAD_3627,64.9,43.2,Withdrawn,1
OULAD_2553,33.3,65.8,Fail,1
OULAD_1120,91.2,92.4,Distinction,0
OULAD_3659,42.3,17.3,Withdrawn,1
OULAD_1809,78.7,85.5,Pass,0
OULAD_3186,27.0,22.1,Withdrawn,1
OULAD_2618,39.9,88.0,Fail,1
OULAD_1313,91.4,94.2,Pass,0
OULAD_2562,29.6,60.8,Fail,1
OULAD_1233,82.6,98.3,Distinction,0
OULAD_1507,68.8,81.8,Pass,0
OULAD_2336,72.1,90.4,Pass,0
OULAD_2385,68.3,79.5,Pass,0
OULAD_1111,86.3,93.6,Distinction,0
OULAD_2578,32.4,79.1,Fail,1
OULAD_1410,77.5,86.7,Pass,0
OULAD_1218,83.6,100.0,Distinction,0
OULAD_3114,33.4,25.9,Withdrawn,1
OULAD_2307,81.5,96.9,Pass,0
OULAD_2080,60.5,87.9,Pass,0
OULAD_1759,61.8,92.7,Pass,0
OULAD_1911,83.5,95.8,Pass,0
OULAD_1807,67.1,87.3,Pass,0
OULAD_1439,86.3,92.3,Pass,0
OULAD_1544,80.3,82.0,Pass,0
OULAD_1485,94.7,84.3,Pass,0
OULAD_3475,52.5,54.2,Withdrawn,1
OULAD_1387,70.8,80.0,Pass,0
OULAD_3916,38.0,40.8,Withdrawn,1
OULAD_2192,69.1,81.6,Pass,0
OULAD_2230,78.0,100.0,Pass,0
OULAD_2210,77.5,95.0,Pass,0
OULAD_2273,66.9,95.3,Pass,0
OULAD_2939,44.4,76.4,Fail,1
OULAD_3303,44.4,36.9,Withdrawn,1
OULAD_1930,72.1,95.0,Pass,0
OULAD_1135,95.8,98.5,Distinction,0
OULAD_2780,41.1,55.6,Fail,1
OULAD_3167,35.7,25.6,Withdrawn,1
OULAD_2497,32.4,84.3,Fail,1
OULAD_3256,31.3,21.4,Withdrawn,1
OULAD_1366,78.4,81.9,Pass,0
OULAD_3024,68.0,87.2,Fail,1
OULAD_3897,62.1,45.3,Withdrawn,1
OULAD_1029,84.7,98.5,Distinction,0
OULAD_3501,36.6,36.5,Withdrawn,1
OULAD_3968,71.2,33.4,Withdrawn,1
OULAD_2047,68.3,90.4,Pass,0
OULAD_3887,61.1,14.7,Withdrawn,1
OULAD_2421,34.9,61.2,Fail,1
OULAD_2488,42.6,63.0,Fail,1
OULAD_1183,89.4,98.0,Distinction,0
OULAD_2134,80.0,100.0,Pass,0
OULAD_1188,81.4,93.8,Distinction,0
OULAD_1420,67.8,95.1,Pass,0
OULAD_1170,81.2,97.5,Distinction,0
OULAD_2377,79.9,75.0,Pass,0
OULAD_1460,72.8,76.9,Pass,0
OULAD_1043,84.7,99.3,Distinction,0
OULAD_1087,88.5,94.8,Distinction,0
OULAD_2322,74.9,93.6,Pass,0
OULAD_2740,56.1,47.1,Fail,1
OULAD_1705,54.0,82.9,Pass,0
OULAD_1903,70.4,93.0,Pass,0
OULAD_1282,81.5,96.7,Pass,0
OULAD_3458,41.0,11.4,Withdrawn,1
OULAD_1693,77.4,99.3,Pass,0
OULAD_3089,43.5,16.6,Withdrawn,1
OULAD_3066,57.7,64.0,Fail,1
OULAD_1257,82.3,96.2,Distinction,0
OULAD_3644,43.5,40.2,Withdrawn,1
OULAD_3594,54.9,46.0,Withdrawn,1
OULAD_3442,31.4,14.4,Withdrawn,1
OULAD_3883,59.5,4.0,Withdrawn,1
OULAD_2216,58.2,100.0,Pass,0
OULAD_2041,78.4,79.7,Pass,0
OULAD_3453,79.4,10.3,Withdrawn,1
OULAD_1149,88.3,96.3,Distinction,0
OULAD_2736,37.5,65.6,Fail,1
OULAD_3358,43.8,0.0,Withdrawn,1
OULAD_3392,57.2,29.6,Withdrawn,1
OULAD_3441,61.0,17.9,Withdrawn,1
OULAD_3112,26.8,27.4,Withdrawn,1
OULAD_3417,31.6,0.0,Withdrawn,1
OULAD_1134,81.0,94.2,Distinction,0
OULAD_3930,34.4,12.5,Withdrawn,1
OULAD_1831,45.0,93.8,Pass,0
OULAD_2800,60.2,40.0,Fail,1
OULAD_3929,26.7,34.5,Withdrawn,1
OULAD_3988,39.5,35.0,Withdrawn,1
OULAD_2898,67.1,95.0,Fail,1
OULAD_1864,68.8,77.1,Pass,0
OULAD_1528,71.3,98.9,Pass,0
OULAD_3219,52.9,8.8,Withdrawn,1
OULAD_1430,66.3,86.7,Pass,0
OULAD_3743,27.5,4.5,Withdrawn,1
OULAD_2744,33.5,42.2,Fail,1
OULAD_1610,93.7,88.6,Pass,0
OULAD_1949,90.3,92.1,Pass,0
OULAD_3811,66.7,51.1,Withdrawn,1
OULAD_1221,75.3,100.0,Distinction,0
OULAD_2915,51.7,27.5,Fail,1
OULAD_3411,47.1,19.6,Withdrawn,1
OULAD_2036,71.3,90.9,Pass,0
OULAD_3645,41.3,0.1,Withdrawn,1
OULAD_1932,72.1,92.9,Pass,0
OULAD_3555,64.7,4.8,Withdrawn,1
OULAD_1173,88.5,95.6,Distinction,0
OULAD_1565,73.1,84.1,Pass,0
OULAD_2960,45.1,80.5,Fail,1
OULAD_1812,68.1,95.4,Pass,0
OULAD_3687,65.1,20.0,Withdrawn,1
OULAD_1958,79.7,76.8,Pass,0
OULAD_1527,77.1,92.7,Pass,0
OULAD_2413,29.1,63.8,Fail,1
OULAD_2611,40.4,57.9,Fail,1
OULAD_1272,75.8,79.0,Pass,0
OULAD_1926,70.8,93.0,Pass,0
OULAD_2739,35.2,79.6,Fail,1
OULAD_1847,70.5,83.8,Pass,0
OULAD_1952,76.7,72.8,Pass,0
OULAD_2620,16.1,74.6,Fail,1
OULAD_3999,47.2,9.3,Withdrawn,1
OULAD_3315,34.7,23.8,Withdrawn,1
OULAD_2912,27.4,95.0,Fail,1
OULAD_3593,33.5,34.1,Withdrawn,1
OULAD_3031,38.6,51.0,Fail,1
OULAD_2100,69.4,92.8,Pass,0
OULAD_2292,49.2,100.0,Pass,0
OULAD_3875,60.7,12.3,Withdrawn,1
OULAD_1168,85.0,89.2,Distinction,0
OULAD_3376,26.2,60.0,Withdrawn,1
OULAD_2467,38.0,50.4,Fail,1
OULAD_3766,33.6,38.0,Withdrawn,1
OULAD_2398,78.6,97.2,Pass,0
OULAD_2228,80.2,77.7,Pass,0
OULAD_3234,18.5,32.9,Withdrawn,1
OULAD_2738,44.7,76.8,Fail,1
OULAD_1367,71.7,87.6,Pass,0
OULAD_3275,42.5,40.5,Withdrawn,1
OULAD_1867,60.0,76.5,Pass,0
OULAD_2302,73.6,93.0,Pass,0
OULAD_1351,75.2,95.4,Pass,0
OULAD_3394,31.6,5.4,Withdrawn,1
OULAD_3503,31.5,5.9,Withdrawn,1
OULAD_1979,57.0,98.4,Pass,0
OULAD_2847,37.5,74.9,Fail,1
OULAD_3370,17.6,8.1,Withdrawn,1
OULAD_1498,65.4,76.1,Pass,0
OULAD_2628,34.4,81.8,Fail,1
OULAD_1210,89.9,95.5,Distinction,0
OULAD_3470,23.3,52.2,Withdrawn,1
OULAD_1601,63.8,80.4,Pass,0
OULAD_1227,80.0,95.2,Distinction,0
OULAD_1365,56.1,74.8,Pass,0
OULAD_1581,66.0,95.5,Pass,0
OULAD_3855,33.0,0.0,Withdrawn,1
OULAD_3178,50.9,26.0,Withdrawn,1
OULAD_3018,51.3,85.5,Fail,1
OULAD_1859,74.0,87.2,Pass,0
OULAD_1407,86.8,80.8,Pass,0
OULAD_2920,57.0,34.6,Fail,1
OULAD_2613,59.8,87.1,Fail,1
OULAD_1678,70.6,83.5,Pass,0
OULAD_2264,66.8,77.9,Pass,0
OULAD_3407,55.6,46.4,Withdrawn,1
OULAD_1691,83.0,79.0,Pass,0
OULAD_1007,91.1,93.6,Distinction,0
OULAD_3867,64.1,16.8,Withdrawn,1
OULAD_2204,63.9,94.0,Pass,0
OULAD_3233,54.7,23.9,Withdrawn,1
OULAD_1415,77.4,92.4,Pass,0
OULAD_1670,59.5,88.0,Pass,0
OULAD_1810,67.9,84.4,Pass,0
OULAD_2089,72.7,91.4,Pass,0
OULAD_1199,79.6,93.7,Distinction,0
OULAD_1283,73.3,74.5,Pass,0
OULAD_1231,87.8,100.0,Distinction,0
OULAD_3730,51.1,25.7,Withdrawn,1
OULAD_3861,2.6,47.6,Withdrawn,1
OULAD_1096,88.3,96.9,Distinction,0
OULAD_2587,31.1,27.4,Fail,1
OULAD_3569,0.0,12.0,Withdrawn,1
OULAD_2606,27.8,66.3,Fail,1
OULAD_1676,57.3,82.9,Pass,0
OULAD_2860,43.4,77.1,Fail,1
OULAD_3781,80.0,17.0,Withdrawn,1
OULAD_3863,62.2,0.0,Withdrawn,1
OULAD_3587,25.1,0.0,Withdrawn,1
OULAD_2399,75.9,82.5,Pass,0
OULAD_2370,71.2,96.7,Pass,0
OULAD_1104,85.5,100.0,Distinction,0
OULAD_3087,33.4,36.1,Withdrawn,1
OULAD_1599,89.1,97.4,Pass,0
OULAD_2756,41.3,43.8,Fail,1
OULAD_2323,79.1,79.2,Pass,0
OULAD_1642,73.2,81.4,Pass,0
OULAD_1700,72.2,82.6,Pass,0
OULAD_1226,86.9,91.9,Distinction,0
OULAD_2697,52.9,88.5,Fail,1
OULAD_2010,72.2,98.5,Pass,0
OULAD_2572,54.8,47.2,Fail,1
OULAD_1776,76.9,73.8,Pass,0
OULAD_2730,56.2,40.0,Fail,1
OULAD_3826,11.6,26.3,Withdrawn,1
OULAD_3228,24.3,37.6,Withdrawn,1
OULAD_3794,40.6,23.4,Withdrawn,1
OULAD_1464,80.3,100.0,Pass,0
OULAD_3651,51.3,29.3,Withdrawn,1
OULAD_2093,62.2,81.9,Pass,0
OULAD_2271,87.0,85.0,Pass,0
OULAD_3923,52.2,29.3,Withdrawn,1
OULAD_2580,64.2,72.3,Fail,1
OULAD_2207,74.8,88.8,Pass,0
OULAD_1212,92.2,89.6,Distinction,0
OULAD_1012,88.0,100.0,Distinction,0
OULAD_3972,38.9,39.0,Withdrawn,1
OULAD_1422,61.3,97.5,Pass,0
OULAD_2688,44.4,70.0,Fail,1
OULAD_2779,68.0,39.2,Fail,1
OULAD_3639,41.3,31.7,Withdrawn,1
OULAD_3319,52.5,36.6,Withdrawn,1
OULAD_1637,77.7,87.9,Pass,0
OULAD_2278,77.9,95.6,Pass,0
OULAD_2640,29.5,39.2,Fail,1
OULAD_1509,76.6,83.3,Pass,0
OULAD_1597,74.0,79.8,Pass,0
OULAD_3712,11.6,41.7,Withdrawn,1
OULAD_3634,52.4,15.5,Withdrawn,1
OULAD_3364,32.0,25.0,Withdrawn,1
OULAD_3643,48.4,49.7,Withdrawn,1
OULAD_1518,70.4,99.0,Pass,0
OULAD_3793,17.7,30.2,Withdrawn,1
OULAD_1573,74.4,96.6,Pass,0
OULAD_3725,19.2,8.6,Withdrawn,1
OULAD_2097,62.6,100.0,Pass,0
OULAD_2947,20.5,77.5,Fail,1
OULAD_2448,60.2,88.0,Fail,1
OULAD_2584,34.6,67.7,Fail,1
OULAD_3596,30.4,34.6,Withdrawn,1
OULAD_1964,63.8,99.2,Pass,0
OULAD_2018,61.1,99.2,Pass,0
OULAD_3908,49.0,54.7,Withdrawn,1
OULAD_1358,71.5,89.2,Pass,0
OULAD_1736,79.1,72.0,Pass,0
OULAD_2784,27.6,58.4,Fail,1
OULAD_2608,40.6,86.5,Fail,1
OULAD_1259,91.1,92.4,Distinction,0
OULAD_3771,43.4,25.4,Withdrawn,1
OULAD_3642,49.4,0.0,Withdrawn,1
OULAD_3742,53.9,28.3,Withdrawn,1
OULAD_3383,47.3,55.0,Withdrawn,1
OULAD_2029,73.9,71.9,Pass,0
OULAD_3408,16.9,24.7,Withdrawn,1
OULAD_1969,85.7,90.6,Pass,0
OULAD_3990,36.5,36.6,Withdrawn,1
OULAD_1819,69.2,98.1,Pass,0
OULAD_3716,55.2,35.2,Withdrawn,1
OULAD_3325,17.6,27.9,Withdrawn,1
OULAD_1456,71.2,98.3,Pass,0
OULAD_1462,74.7,84.9,Pass,0
OULAD_3344,45.6,22.7,Withdrawn,1
OULAD_3688,30.0,7.7,Withdrawn,1
OULAD_1381,81.1,89.2,Pass,0
OULAD_2891,34.7,95.0,Fail,1
OULAD_2832,26.0,95.0,Fail,1
OULAD_3308,47.3,15.9,Withdrawn,1
OULAD_2506,43.9,50.0,Fail,1
OULAD_1805,66.6,90.7,Pass,0
OULAD_3438,53.8,33.5,Withdrawn,1
OULAD_1756,71.3,79.9,Pass,0
OULAD_3515,63.5,3.7,Withdrawn,1
OULAD_2253,62.4,78.5,Pass,0
OULAD_1869,77.3,92.6,Pass,0
OULAD_3064,37.4,63.0,Fail,1
OULAD_2410,42.7,59.6,Fail,1
OULAD_3360,9.9,27.3,Withdrawn,1
OULAD_3287,36.2,49.8,Withdrawn,1
OULAD_3858,18.8,23.2,Withdrawn,1
OULAD_2173,59.3,100.0,Pass,0
OULAD_1542,84.0,78.9,Pass,0
OULAD_3104,38.8,34.4,Withdrawn,1
OULAD_2255,80.8,74.3,Pass,0
OULAD_2766,28.4,87.3,Fail,1
OULAD_2765,37.0,57.8,Fail,1
OULAD_2289,68.6,100.0,Pass,0
OULAD_3421,24.8,9.0,Withdrawn,1
OULAD_3527,65.2,28.2,Withdrawn,1
OULAD_2343,70.3,86.5,Pass,0
OULAD_2525,63.7,85.6,Fail,1
OULAD_3894,30.2,35.2,Withdrawn,1
OULAD_3686,15.0,48.1,Withdrawn,1
OULAD_3194,40.9,0.0,Withdrawn,1
OULAD_3420,49.1,28.5,Withdrawn,1
OULAD_2677,60.6,68.2,Fail,1
OULAD_2286,79.2,98.8,Pass,0
OULAD_1435,76.5,77.7,Pass,0
OULAD_2727,33.7,68.8,Fail,1
OULAD_1237,87.6,92.5,Distinction,0
OULAD_3347,6.9,0.0,Withdrawn,1
OULAD_1109,86.1,92.8,Distinction,0
OULAD_3274,30.2,21.4,Withdrawn,1
OULAD_1163,81.6,98.9,Distinction,0
OULAD_1288,74.6,93.1,Pass,0
OULAD_1252,99.2,93.3,Distinction,0
OULAD_3583,53.2,34.3,Withdrawn,1
OULAD_2964,25.8,50.4,Fail,1
OULAD_2288,84.4,94.2,Pass,0
OULAD_1744,86.6,75.4,Pass,0
OULAD_2206,69.9,80.7,Pass,0
OULAD_3419,42.0,9.1,Withdrawn,1
OULAD_2391,69.9,100.0,Pass,0
OULAD_3333,48.3,47.1,Withdrawn,1
OULAD_1990,76.0,80.8,Pass,0
OULAD_1839,88.2,97.2,Pass,0
OULAD_2149,75.6,97.2,Pass,0
OULAD_2221,94.0,92.6,Pass,0
OULAD_2743,41.5,66.8,Fail,1
OULAD_3400,47.8,9.0,Withdrawn,1
OULAD_1461,62.2,85.9,Pass,0
OULAD_2309,63.7,89.2,Pass,0
OULAD_2435,32.8,40.3,Fail,1
OULAD_1157,89.3,98.7,Distinction,0
OULAD_2911,35.2,94.5,Fail,1
OULAD_3359,33.3,23.6,Withdrawn,1
OULAD_1677,64.8,86.5,Pass,0
OULAD_3848,66.3,13.3,Withdrawn,1
OULAD_2872,20.2,54.3,Fail,1
OULAD_1238,82.5,96.2,Distinction,0
OULAD_3917,43.2,0.0,Withdrawn,1
OULAD_2091,76.2,97.7,Pass,0
OULAD_3870,52.6,17.8,Withdrawn,1
OULAD_1100,78.0,96.1,Distinction,0
OULAD_1315,73.2,98.9,Pass,0
OULAD_2023,78.5,86.3,Pass,0
OULAD_3746,65.8,21.9,Withdrawn,1
OULAD_1767,57.8,89.8,Pass,0
OULAD_2344,69.4,87.3,Pass,0
OULAD_1261,86.1,89.4,Distinction,0
OULAD_2451,51.8,25.0,Fail,1
OULAD_3834,53.6,30.9,Withdrawn,1
OULAD_1195,88.8,95.1,Distinction,0
OULAD_2775,62.0,79.9,Fail,1
OULAD_3841,65.9,8.9,Withdrawn,1
OULAD_2735,51.6,74.2,Fail,1
OULAD_1179,100.0,91.8,Distinction,0
OULAD_3922,39.9,38.3,Withdrawn,1
OULAD_1340,76.9,61.0,Pass,0
OULAD_2099,63.0,74.8,Pass,0
OULAD_2543,64.3,72.1,Fail,1
OULAD_1748,68.1,100.0,Pass,0
OULAD_3755,46.3,11.3,Withdrawn,1
OULAD_1662,58.0,88.9,Pass,0
OULAD_1480,62.7,93.5,Pass,0
OULAD_3138,26.6,16.9,Withdrawn,1
OULAD_1871,83.4,81.2,Pass,0
OULAD_2453,54.2,94.3,Fail,1
OULAD_3952,38.7,16.5,Withdrawn,1
OULAD_1549,80.6,90.2,Pass,0
OULAD_3020,51.6,45.2,Fail,1
OULAD_3708,22.3,15.6,Withdrawn,1
OULAD_1742,89.7,88.2,Pass,0
OULAD_3415,13.3,38.3,Withdrawn,1
OULAD_3637,33.3,11.9,Withdrawn,1
OULAD_3566,51.4,45.4,Withdrawn,1
OULAD_3292,47.0,4.1,Withdrawn,1
OULAD_2909,68.0,46.1,Fail,1
OULAD_1790,77.9,100.0,Pass,0
OULAD_3120,49.1,5.9,Withdrawn,1
OULAD_2446,37.4,50.7,Fail,1
OULAD_1247,82.6,92.1,Distinction,0
OULAD_1829,74.1,94.9,Pass,0
OULAD_2124,67.7,83.8,Pass,0
OULAD_3720,37.2,21.1,Withdrawn,1
OULAD_1626,69.5,91.9,Pass,0
OULAD_1347,77.5,97.5,Pass,0
OULAD_1278,74.3,90.8,Pass,0
OULAD_2783,38.6,45.1,Fail,1
OULAD_3280,5.3,17.7,Withdrawn,1
OULAD_1655,57.3,82.2,Pass,0
OULAD_2213,67.4,100.0,Pass,0
OULAD_1838,65.4,86.1,Pass,0
OULAD_3624,38.6,55.5,Withdrawn,1
OULAD_3588,46.4,47.0,Withdrawn,1
OULAD_3350,66.7,37.8,Withdrawn,1
OULAD_2709,65.9,63.5,Fail,1
OULAD_3023,44.8,69.0,Fail,1
OULAD_1976,71.3,85.7,Pass,0
OULAD_1445,80.9,81.3,Pass,0
OULAD_1617,67.8,100.0,Pass,0
OULAD_2474,15.0,89.8,Fail,1
OULAD_2778,56.7,62.3,Fail,1
OULAD_3517,58.5,38.0,Withdrawn,1
OULAD_2244,70.3,81.4,Pass,0
OULAD_3995,38.3,30.7,Withdrawn,1
OULAD_3552,26.0,25.2,Withdrawn,1
OULAD_1547,79.0,100.0,Pass,0
OULAD_3210,79.7,29.7,Withdrawn,1
OULAD_2623,34.2,84.0,Fail,1
OULAD_1263,80.4,91.2,Distinction,0
OULAD_2397,66.5,79.7,Pass,0
OULAD_3353,59.0,46.6,Withdrawn,1
OULAD_2815,34.1,74.7,Fail,1
OULAD_1353,83.1,72.0,Pass,0
OULAD_2075,57.6,96.6,Pass,0
OULAD_1208,89.6,100.0,Distinction,0
OULAD_1613,80.4,74.9,Pass,0
OULAD_3090,42.2,0.0,Withdrawn,1
OULAD_3099,29.2,29.1,Withdrawn,1
OULAD_2498,40.6,69.0,Fail,1
OULAD_2135,64.2,92.3,Pass,0
OULAD_3880,46.3,0.0,Withdrawn,1
OULAD_3078,32.7,33.4,Withdrawn,1
OULAD_1057,84.6,99.2,Distinction,0
OULAD_3483,24.6,28.6,Withdrawn,1
OULAD_1811,67.9,81.5,Pass,0
OULAD_3195,50.9,21.1,Withdrawn,1
OULAD_1561,62.7,60.0,Pass,0
OULAD_3943,37.7,3.3,Withdrawn,1
OULAD_1229,90.6,90.5,Distinction,0
OULAD_3509,57.0,25.7,Withdrawn,1
OULAD_2721,45.5,57.6,Fail,1
OULAD_3179,41.0,28.3,Withdrawn,1
OULAD_2450,39.6,74.0,Fail,1
OULAD_2234,69.5,77.1,Pass,0
OULAD_2071,71.0,100.0,Pass,0
OULAD_3849,65.3,19.0,Withdrawn,1
OULAD_2037,70.9,85.7,Pass,0
OULAD_1889,68.1,73.0,Pass,0
OULAD_2053,75.4,75.6,Pass,0
OULAD_1707,49.2,78.1,Pass,0
OULAD_1424,76.3,81.9,Pass,0
OULAD_1069,82.6,93.7,Distinction,0
OULAD_3249,35.9,34.8,Withdrawn,1
OULAD_3535,37.4,60.0,Withdrawn,1
OULAD_3839,27.2,18.5,Withdrawn,1
OULAD_3406,33.7,3.5,Withdrawn,1
OULAD_3963,51.7,6.0,Withdrawn,1
OULAD_3581,53.3,44.4,Withdrawn,1
OULAD_3092,37.2,5.7,Withdrawn,1
OULAD_1940,59.8,98.6,Pass,0
OULAD_1620,78.4,96.1,Pass,0
OULAD_3519,22.6,4.0,Withdrawn,1
OULAD_2196,86.0,82.0,Pass,0
OULAD_3067,20.7,71.1,Fail,1
OULAD_2032,69.4,75.1,Pass,0
OULAD_2505,68.0,70.2,Fail,1
OULAD_2576,44.5,69.7,Fail,1
OULAD_3130,46.4,35.0,Withdrawn,1
OULAD_3044,15.0,94.3,Fail,1
OULAD_2395,70.8,70.2,Pass,0
OULAD_1279,65.6,85.4,Pass,0
OULAD_2465,35.1,93.7,Fail,1
OULAD_2503,55.1,68.5,Fail,1
OULAD_3282,37.5,44.4,Withdrawn,1
OULAD_3838,46.8,8.4,Withdrawn,1
OULAD_3723,46.8,18.3,Withdrawn,1
OULAD_1553,67.7,94.5,Pass,0
OULAD_1834,81.0,100.0,Pass,0
OULAD_1962,70.2,89.6,Pass,0
OULAD_1596,73.6,88.0,Pass,0
OULAD_3451,61.3,29.8,Withdrawn,1
OULAD_1802,71.7,96.8,Pass,0
OULAD_3136,50.9,35.7,Withdrawn,1
OULAD_3985,21.8,18.9,Withdrawn,1
OULAD_3719,38.9,0.0,Withdrawn,1
OULAD_1440,72.9,81.5,Pass,0
OULAD_1508,70.3,86.3,Pass,0
OULAD_1076,87.0,90.2,Distinction,0
OULAD_3481,57.1,35.2,Withdrawn,1
OULAD_1649,72.7,89.9,Pass,0
OULAD_1522,73.4,83.3,Pass,0
OULAD_2487,66.7,67.2,Fail,1
OULAD_3208,40.8,11.6,Withdrawn,1
OULAD_2494,27.8,82.3,Fail,1
OULAD_1654,81.8,90.7,Pass,0
OULAD_3816,28.1,15.0,Withdrawn,1
OULAD_2538,43.8,40.7,Fail,1
OULAD_2423,42.7,55.4,Fail,1
OULAD_2651,42.0,95.0,Fail,1
OULAD_1630,74.3,81.1,Pass,0
OULAD_3541,5.6,54.7,Withdrawn,1
OULAD_2507,54.0,53.5,Fail,1
OULAD_3941,55.2,40.3,Withdrawn,1
OULAD_1482,62.2,83.6,Pass,0
OULAD_2927,44.2,59.2,Fail,1
OULAD_2113,65.5,84.9,Pass,0
OULAD_3563,57.1,40.0,Withdrawn,1
OULAD_2088,57.7,95.9,Pass,0
OULAD_1438,52.3,97.7,Pass,0
OULAD_2717,61.8,49.1,Fail,1
OULAD_3443,25.2,19.3,Withdrawn,1
OULAD_1856,73.7,70.2,Pass,0
OULAD_2983,45.1,68.5,Fail,1
OULAD_1166,91.4,100.0,Distinction,0
OULAD_1059,92.4,98.5,Distinction,0
OULAD_1611,66.2,90.8,Pass,0
OULAD_1530,79.4,91.1,Pass,0
OULAD_3787,59.1,59.1,Withdrawn,1
OULAD_1049,75.9,95.5,Distinction,0
OULAD_2883,50.1,75.3,Fail,1
OULAD_2011,69.6,99.7,Pass,0
OULAD_1858,70.4,83.0,Pass,0
OULAD_2017,75.6,87.4,Pass,0
OULAD_1048,88.6,97.3,Distinction,0
OULAD_1719,71.2,95.2,Pass,0
OULAD_3390,63.4,16.8,Withdrawn,1
OULAD_3652,42.5,25.9,Withdrawn,1
OULAD_3246,21.7,18.4,Withdrawn,1
OULAD_2159,68.5,85.7,Pass,0
OULAD_1632,71.3,82.8,Pass,0
OULAD_2338,73.9,91.9,Pass,0
OULAD_3127,13.8,27.8,Withdrawn,1
OULAD_3602,50.6,24.6,Withdrawn,1
OULAD_2436,38.9,70.8,Fail,1
OULAD_1025,87.2,93.2,Distinction,0
OULAD_3965,80.0,30.0,Withdrawn,1
OULAD_1219,87.0,99.5,Distinction,0
OULAD_3818,46.1,8.0,Withdrawn,1
OULAD_1276,76.2,83.4,Pass,0
OULAD_3157,49.6,60.0,Withdrawn,1
OULAD_2480,47.7,55.4,Fail,1
OULAD_2235,66.9,80.2,Pass,0
OULAD_2593,68.0,70.6,Fail,1
OULAD_1999,82.1,76.5,Pass,0
OULAD_3140,37.4,18.8,Withdrawn,1
OULAD_1361,84.8,100.0,Pass,0
OULAD_2457,35.4,95.0,Fail,1
OULAD_2993,44.8,70.7,Fail,1
OULAD_2671,47.7,74.4,Fail,1
OULAD_3334,39.7,15.7,Withdrawn,1
OULAD_2650,49.8,82.9,Fail,1
OULAD_2835,55.3,59.2,Fail,1
OULAD_2114,77.7,97.2,Pass,0
OULAD_2846,35.4,63.4,Fail,1
OULAD_2317,67.7,100.0,Pass,0
OULAD_3629,33.6,33.9,Withdrawn,1
OULAD_1297,61.9,100.0,Pass,0
OULAD_2313,71.6,100.0,Pass,0
OULAD_1937,65.0,79.4,Pass,0
OULAD_1240,81.7,97.1,Distinction,0
OULAD_2432,63.7,65.8,Fail,1
OULAD_1582,65.3,99.9,Pass,0
OULAD_3906,66.8,25.2,Withdrawn,1
OULAD_2954,37.5,52.8,Fail,1
OULAD_2334,66.7,62.7,Pass,0
OULAD_2729,42.8,46.7,Fail,1
OULAD_2672,22.4,70.8,Fail,1
OULAD_1350,63.9,100.0,Pass,0
OULAD_3745,37.5,33.9,Withdrawn,1
OULAD_2220,66.0,91.0,Pass,0
OULAD_1349,73.0,100.0,Pass,0
OULAD_2518,64.9,87.3,Fail,1
OULAD_3547,0.0,35.5,Withdrawn,1
OULAD_1643,85.2,85.0,Pass,0
OULAD_3835,58.7,21.3,Withdrawn,1
OULAD_1944,68.3,100.0,Pass,0
OULAD_2462,21.0,63.1,Fail,1
OULAD_1657,74.4,86.7,Pass,0
OULAD_3702,53.6,28.9,Withdrawn,1
OULAD_3893,47.6,3.7,Withdrawn,1
OULAD_2236,77.3,84.3,Pass,0
OULAD_3467,36.5,32.0,Withdrawn,1
OULAD_1647,72.7,96.7,Pass,0
OULAD_2125,72.7,85.0,Pass,0
OULAD_2110,77.1,89.8,Pass,0
OULAD_3650,60.1,25.2,Withdrawn,1
OULAD_2940,39.8,65.4,Fail,1
OULAD_1538,82.3,99.3,Pass,0
OULAD_2048,65.5,93.0,Pass,0
OULAD_3983,37.1,34.3,Withdrawn,1
OULAD_3375,28.3,39.8,Withdrawn,1
OULAD_3209,48.6,29.0,Withdrawn,1
OULAD_3338,51.7,22.4,Withdrawn,1
OULAD_3162,31.0,26.5,Withdrawn,1
OULAD_1801,75.3,94.0,Pass,0
OULAD_1786,70.8,92.3,Pass,0
OULAD_3694,24.1,55.4,Withdrawn,1
OULAD_3040,40.3,85.6,Fail,1
OULAD_1788,75.9,81.6,Pass,0
OULAD_3183,22.4,33.9,Withdrawn,1
OULAD_3468,38.1,22.8,Withdrawn,1
OULAD_3013,51.0,30.6,Fail,1
OULAD_1714,71.0,88.2,Pass,0
OULAD_1803,59.5,83.5,Pass,0
OULAD_3008,30.5,58.0,Fail,1
OULAD_3761,20.6,36.3,Withdrawn,1
OULAD_1123,78.1,100.0,Distinction,0
OULAD_2808,37.2,37.4,Fail,1
OULAD_3286,46.1,8.5,Withdrawn,1
OULAD_3147,33.3,24.6,Withdrawn,1
OULAD_1618,76.3,90.1,Pass,0
OULAD_1406,61.0,66.5,Pass,0
OULAD_2157,61.1,94.5,Pass,0
OULAD_2068,67.5,74.6,Pass,0
OULAD_2133,77.5,84.9,Pass,0
OULAD_3905,17.3,21.8,Withdrawn,1
OULAD_1497,86.9,76.7,Pass,0
OULAD_2061,82.0,100.0,Pass,0
OULAD_1325,66.4,71.8,Pass,0
OULAD_1342,73.5,81.5,Pass,0
OULAD_3356,48.3,1.9,Withdrawn,1
OULAD_3266,12.1,45.5,Withdrawn,1
OULAD_1782,75.4,100.0,Pass,0
OULAD_3367,37.1,23.1,Withdrawn,1
OULAD_1299,67.8,78.3,Pass,0
OULAD_2461,51.5,95.0,Fail,1
OULAD_3373,54.2,26.9,Withdrawn,1
OULAD_1303,69.0,96.5,Pass,0
OULAD_2237,79.6,73.9,Pass,0
OULAD_3571,44.3,19.5,Withdrawn,1
OULAD_2656,67.1,73.9,Fail,1
OULAD_1664,75.0,81.8,Pass,0
OULAD_2690,37.5,70.8,Fail,1
OULAD_1220,100.0,96.0,Distinction,0
OULAD_2626,41.9,54.7,Fail,1
OULAD_2188,82.6,100.0,Pass,0
OULAD_2455,42.3,43.9,Fail,1
OULAD_1449,70.5,90.6,Pass,0
OULAD_3002,68.0,37.3,Fail,1
OULAD_3616,27.7,25.3,Withdrawn,1
OULAD_1084,81.6,95.9,Distinction,0
OULAD_1941,64.8,94.2,Pass,0
OULAD_1961,58.7,82.5,Pass,0
OULAD_1841,73.0,100.0,Pass,0
OULAD_2326,76.6,84.6,Pass,0
OULAD_3378,50.7,37.7,Withdrawn,1
OULAD_3430,24.7,17.0,Withdrawn,1
OULAD_2373,75.1,77.6,Pass,0
OULAD_1290,73.6,91.5,Pass,0
OULAD_2867,47.6,41.0,Fail,1
OULAD_2554,60.7,95.0,Fail,1
OULAD_1604,70.7,96.3,Pass,0
OULAD_3032,47.7,89.3,Fail,1
OULAD_1916,62.2,77.1,Pass,0
OULAD_3632,54.0,30.4,Withdrawn,1
OULAD_3337,35.1,15.2,Withdrawn,1
OULAD_3098,59.8,15.7,Withdrawn,1
OULAD_3437,46.8,46.9,Withdrawn,1
OULAD_1821,70.7,95.9,Pass,0
OULAD_3469,55.8,30.0,Withdrawn,1
OULAD_2000,80.8,96.2,Pass,0
OULAD_2703,31.5,51.3,Fail,1
OULAD_1018,81.1,97.1,Distinction,0
OULAD_2777,56.7,56.7,Fail,1
OULAD_2208,63.0,92.6,Pass,0
OULAD_3560,14.2,11.3,Withdrawn,1
OULAD_2936,42.6,25.0,Fail,1
OULAD_2718,46.9,68.3,Fail,1
OULAD_2427,65.5,64.1,Fail,1
OULAD_3241,10.6,14.5,Withdrawn,1
OULAD_3310,44.8,23.6,Withdrawn,1
OULAD_2357,82.5,92.5,Pass,0
OULAD_3057,47.6,95.0,Fail,1
OULAD_1360,55.8,88.4,Pass,0
OULAD_3270,58.9,48.7,Withdrawn,1
OULAD_3084,59.8,43.3,Withdrawn,1
OULAD_2564,56.9,72.6,Fail,1
OULAD_1344,93.0,93.1,Pass,0
OULAD_1986,86.1,78.8,Pass,0
OULAD_2260,72.3,81.0,Pass,0
OULAD_2713,41.7,43.9,Fail,1
OULAD_2720,44.9,75.6,Fail,1
OULAD_3646,80.0,18.3,Withdrawn,1
OULAD_3886,38.5,16.2,Withdrawn,1
OULAD_2575,34.5,44.9,Fail,1
OULAD_1085,83.5,92.0,Distinction,0
OULAD_3063,33.3,87.9,Fail,1
OULAD_1668,73.2,86.6,Pass,0
OULAD_2014,63.9,72.7,Pass,0
OULAD_1128,87.1,95.5,Distinction,0
OULAD_2873,56.5,25.0,Fail,1
OULAD_2146,71.5,61.6,Pass,0
OULAD_1891,91.6,78.0,Pass,0
OULAD_3471,77.0,34.1,Withdrawn,1
OULAD_1307,77.9,89.9,Pass,0
OULAD_1383,61.0,94.7,Pass,0
OULAD_2833,58.7,48.0,Fail,1
OULAD_2127,62.3,97.2,Pass,0
OULAD_1426,73.9,76.6,Pass,0
OULAD_1494,81.3,86.9,Pass,0
OULAD_2565,47.3,69.8,Fail,1
OULAD_3791,27.1,0.0,Withdrawn,1
OULAD_3611,31.6,56.3,Withdrawn,1
OULAD_2251,76.2,79.0,Pass,0
OULAD_2295,68.5,98.5,Pass,0
OULAD_1275,63.8,99.9,Pass,0
OULAD_1489,77.3,85.0,Pass,0
OULAD_2957,48.1,60.3,Fail,1
OULAD_1690,76.8,91.8,Pass,0
OULAD_3051,68.0,62.5,Fail,1
OULAD_3238,38.5,30.9,Withdrawn,1
OULAD_2242,64.5,93.1,Pass,0
OULAD_3673,49.5,60.0,Withdrawn,1
OULAD_3079,46.4,51.6,Withdrawn,1
OULAD_2058,60.1,94.8,Pass,0
OULAD_1118,93.4,99.8,Distinction,0
OULAD_2995,15.6,53.6,Fail,1
OULAD_3285,54.9,34.7,Withdrawn,1
OULAD_1281,69.6,83.3,Pass,0
OULAD_3807,49.8,22.2,Withdrawn,1
OULAD_3335,57.2,20.0,Withdrawn,1
OULAD_3762,52.6,12.3,Withdrawn,1
OULAD_3945,32.8,41.3,Withdrawn,1
OULAD_2179,71.2,87.4,Pass,0
OULAD_2602,30.6,44.4,Fail,1
OULAD_3116,80.0,54.8,Withdrawn,1
OULAD_1304,78.5,82.6,Pass,0
OULAD_2844,50.4,38.0,Fail,1
OULAD_2356,67.0,87.7,Pass,0
OULAD_3436,54.4,27.1,Withdrawn,1
OULAD_1575,75.4,93.1,Pass,0
OULAD_2871,46.4,87.1,Fail,1
OULAD_3845,45.8,19.3,Withdrawn,1
OULAD_3623,51.5,35.6,Withdrawn,1
OULAD_2417,45.3,77.0,Fail,1
OULAD_2795,37.9,51.9,Fail,1
OULAD_1843,75.5,87.9,Pass,0
OULAD_3812,26.7,31.5,Withdrawn,1
OULAD_1269,87.3,93.7,Distinction,0
OULAD_1629,63.6,70.3,Pass,0
OULAD_2033,64.2,94.9,Pass,0
OULAD_1286,66.6,78.0,Pass,0
OULAD_3211,14.8,10.7,Withdrawn,1
OULAD_1300,71.2,99.1,Pass,0
OULAD_2510,37.4,95.0,Fail,1
OULAD_2811,55.1,68.2,Fail,1
OULAD_1065,94.6,95.4,Distinction,0
OULAD_3397,49.5,39.7,Withdrawn,1
OULAD_1890,48.5,98.5,Pass,0
OULAD_2767,40.0,71.8,Fail,1
OULAD_2731,20.5,36.2,Fail,1
OULAD_2376,69.3,80.3,Pass,0
OULAD_1230,82.1,99.7,Distinction,0
OULAD_1503,79.8,93.0,Pass,0
OULAD_3459,32.1,24.7,Withdrawn,1
OULAD_2350,72.0,94.3,Pass,0
OULAD_2444,60.6,72.8,Fail,1
OULAD_3551,73.1,34.5,Withdrawn,1
OULAD_2004,81.9,98.2,Pass,0
OULAD_1836,76.5,79.0,Pass,0
OULAD_2588,50.0,67.9,Fail,1
OULAD_1374,68.8,88.8,Pass,0
OULAD_2352,79.3,97.0,Pass,0
OULAD_3110,47.0,20.3,Withdrawn,1
OULAD_2786,54.6,39.9,Fail,1
OULAD_2803,64.3,38.4,Fail,1
OULAD_3071,71.5,24.5,Withdrawn,1
OULAD_1751,65.8,90.5,Pass,0
OULAD_1099,85.1,92.9,Distinction,0
OULAD_2723,63.9,60.7,Fail,1
OULAD_1866,81.7,94.8,Pass,0
OULAD_1910,72.6,92.4,Pass,0
OULAD_3009,39.6,59.5,Fail,1
OULAD_1529,71.3,89.0,Pass,0
OULAD_1636,58.8,88.0,Pass,0
OULAD_1185,90.8,92.8,Distinction,0
OULAD_2187,74.4,90.1,Pass,0
OULAD_2971,60.3,78.8,Fail,1
OULAD_1931,67.1,92.2,Pass,0
OULAD_2381,73.9,82.4,Pass,0
OULAD_3295,79.8,25.3,Withdrawn,1
OULAD_3382,62.7,13.5,Withdrawn,1
OULAD_3401,65.1,21.6,Withdrawn,1
OULAD_2999,68.0,84.0,Fail,1
OULAD_1607,73.0,68.0,Pass,0
OULAD_3896,25.1,2.9,Withdrawn,1
OULAD_1151,88.6,100.0,Distinction,0
OULAD_2283,63.6,86.7,Pass,0
OULAD_3262,55.6,32.4,Withdrawn,1
OULAD_1731,79.3,88.5,Pass,0
OULAD_2337,85.6,76.5,Pass,0
OULAD_2598,59.0,62.4,Fail,1
OULAD_3840,32.7,33.7,Withdrawn,1
OULAD_1023,78.0,99.4,Distinction,0
OULAD_3857,46.3,19.7,Withdrawn,1
OULAD_1158,79.4,100.0,Distinction,0
OULAD_1861,74.8,83.1,Pass,0
OULAD_1902,71.9,90.3,Pass,0
OULAD_3655,0.0,15.1,Withdrawn,1
OULAD_3937,50.8,2.7,Withdrawn,1
OULAD_1444,70.7,98.0,Pass,0
OULAD_3938,28.8,47.9,Withdrawn,1
OULAD_1754,86.5,100.0,Pass,0
OULAD_1923,73.9,84.4,Pass,0
OULAD_3970,51.0,43.6,Withdrawn,1
OULAD_3102,33.3,32.0,Withdrawn,1
OULAD_1311,67.3,85.4,Pass,0
OULAD_1548,71.7,98.6,Pass,0
OULAD_2945,44.0,54.6,Fail,1
OULAD_2456,35.9,61.4,Fail,1
OULAD_1306,73.1,91.3,Pass,0
OULAD_1287,67.1,81.2,Pass,0
OULAD_1694,70.2,76.1,Pass,0
OULAD_1308,57.7,95.1,Pass,0
OULAD_3320,51.3,31.6,Withdrawn,1
OULAD_1749,74.8,93.6,Pass,0
OULAD_3815,33.5,38.9,Withdrawn,1
OULAD_2239,84.3,97.0,Pass,0
OULAD_1908,62.1,82.4,Pass,0
OULAD_2880,63.0,74.3,Fail,1
OULAD_3380,33.1,18.6,Withdrawn,1
OULAD_2406,82.0,92.8,Pass,0
OULAD_3494,56.3,34.9,Withdrawn,1
OULAD_1970,67.6,78.4,Pass,0
OULAD_1013,75.0,91.0,Distinction,0
OULAD_1873,72.1,78.2,Pass,0
OULAD_1808,84.5,100.0,Pass,0
OULAD_3578,12.9,6.4,Withdrawn,1
OULAD_1514,76.0,100.0,Pass,0
OULAD_3413,52.0,42.0,Withdrawn,1
OULAD_1409,82.4,78.1,Pass,0
OULAD_3833,35.3,41.1,Withdrawn,1
OULAD_3259,34.8,60.0,Withdrawn,1
OULAD_3823,39.8,47.2,Withdrawn,1
OULAD_2225,89.1,98.7,Pass,0
OULAD_2655,49.9,75.5,Fail,1
OULAD_2610,60.4,44.8,Fail,1
OULAD_1382,68.6,86.4,Pass,0
OULAD_3106,41.8,11.5,Withdrawn,1
OULAD_3187,67.6,31.4,Withdrawn,1
OULAD_2621,38.1,80.1,Fail,1
OULAD_3831,23.7,26.1,Withdrawn,1
OULAD_1552,91.7,93.2,Pass,0
OULAD_1222,90.6,96.3,Distinction,0
OULAD_2096,70.8,100.0,Pass,0
OULAD_3754,40.9,24.9,Withdrawn,1
OULAD_1008,83.7,96.3,Distinction,0
OULAD_2476,39.7,77.4,Fail,1
OULAD_1316,66.9,82.6,Pass,0
OULAD_1427,59.7,89.1,Pass,0
OULAD_2985,29.4,68.7,Fail,1
OULAD_1105,88.9,92.9,Distinction,0
OULAD_3015,58.8,61.0,Fail,1
OULAD_1142,76.9,89.9,Distinction,0
OULAD_1121,81.0,98.0,Distinction,0
OULAD_3371,46.0,10.0,Withdrawn,1
OULAD_3865,51.8,18.4,Withdrawn,1
OULAD_2189,77.1,83.1,Pass,0
OULAD_3961,64.6,60.0,Withdrawn,1
OULAD_3600,53.7,25.0,Withdrawn,1
OULAD_2657,46.2,84.3,Fail,1
OULAD_1115,88.3,96.6,Distinction,0
OULAD_2405,68.1,96.1,Pass,0
OULAD_2511,54.9,89.0,Fail,1
OULAD_3492,25.9,21.9,Withdrawn,1
OULAD_3797,41.3,23.9,Withdrawn,1
OULAD_3948,44.8,1.3,Withdrawn,1
OULAD_2596,51.8,78.2,Fail,1
OULAD_3889,51.1,22.4,Withdrawn,1
OULAD_1672,76.9,73.6,Pass,0
OULAD_2431,27.8,53.7,Fail,1
OULAD_3172,31.4,21.4,Withdrawn,1
OULAD_1591,57.4,86.6,Pass,0
OULAD_2402,67.5,100.0,Pass,0
OULAD_1888,79.8,94.5,Pass,0
OULAD_2754,32.1,52.9,Fail,1
OULAD_2366,62.4,85.4,Pass,0
OULAD_3396,57.3,31.8,Withdrawn,1
OULAD_1213,90.4,96.8,Distinction,0
OULAD_3007,48.5,28.9,Fail,1
OULAD_3148,47.8,39.9,Withdrawn,1
OULAD_1800,70.6,75.5,Pass,0
OULAD_3480,67.1,59.4,Withdrawn,1
OULAD_3439,40.7,27.0,Withdrawn,1
OULAD_3283,11.9,37.6,Withdrawn,1
OULAD_3662,23.2,28.1,Withdrawn,1
OULAD_3711,47.2,11.4,Withdrawn,1
OULAD_1273,84.0,91.2,Pass,0
OULAD_1071,95.7,97.0,Distinction,0
OULAD_2789,51.2,61.5,Fail,1
OULAD_2087,74.5,85.2,Pass,0
OULAD_1394,64.6,70.0,Pass,0
OULAD_1583,81.7,95.1,Pass,0
OULAD_3080,40.9,12.1,Withdrawn,1
OULAD_2980,27.1,51.7,Fail,1
OULAD_1500,77.4,100.0,Pass,0
OULAD_3014,24.7,88.6,Fail,1
OULAD_3223,38.2,13.1,Withdrawn,1
OULAD_3979,38.6,35.8,Withdrawn,1
OULAD_3740,55.6,33.4,Withdrawn,1
OULAD_3318,44.6,24.9,Withdrawn,1
OULAD_2259,60.9,94.3,Pass,0
OULAD_2742,15.0,49.6,Fail,1
OULAD_1205,80.9,95.0,Distinction,0
OULAD_1733,65.2,90.4,Pass,0
OULAD_3502,56.6,30.6,Withdrawn,1
OULAD_1526,70.6,90.5,Pass,0
OULAD_2375,74.9,84.5,Pass,0
OULAD_1898,76.4,93.3,Pass,0
OULAD_1377,70.5,80.5,Pass,0
OULAD_2726,57.4,62.0,Fail,1
OULAD_3682,37.8,11.9,Withdrawn,1
OULAD_3722,39.9,15.7,Withdrawn,1
OULAD_1386,71.1,84.8,Pass,0
OULAD_1198,86.8,93.9,Distinction,0
OULAD_2050,71.5,88.8,Pass,0
OULAD_1590,72.8,81.2,Pass,0
OULAD_1519,56.1,100.0,Pass,0
OULAD_3950,41.0,30.2,Withdrawn,1
OULAD_1429,69.3,85.9,Pass,0
OULAD_2083,77.8,100.0,Pass,0
OULAD_1207,89.6,97.2,Distinction,0
OULAD_1491,72.1,84.7,Pass,0
OULAD_2609,52.6,63.5,Fail,1
OULAD_3912,47.2,48.1,Withdrawn,1
OULAD_1792,81.3,95.2,Pass,0
OULAD_3019,59.2,58.0,Fail,1
OULAD_2186,77.8,81.9,Pass,0
OULAD_2185,55.2,65.5,Pass,0
OULAD_3181,45.8,20.9,Withdrawn,1
OULAD_2340,68.4,100.0,Pass,0
OULAD_3232,24.5,11.1,Withdrawn,1
OULAD_1083,83.4,95.4,Distinction,0
OULAD_3369,51.0,53.4,Withdrawn,1
OULAD_3226,23.0,21.1,Withdrawn,1
OULAD_1020,95.3,95.2,Distinction,0
OULAD_2378,81.7,83.4,Pass,0
OULAD_2558,24.2,37.2,Fail,1
OULAD_2938,54.1,56.2,Fail,1
OULAD_3837,21.2,51.1,Withdrawn,1
OULAD_2937,65.1,53.7,Fail,1
OULAD_1973,61.9,87.5,Pass,0
OULAD_3789,39.5,29.5,Withdrawn,1
OULAD_1883,59.1,79.9,Pass,0
OULAD_2098,67.0,74.5,Pass,0
OULAD_1156,97.7,92.1,Distinction,0
OULAD_3276,41.1,4.5,Withdrawn,1
OULAD_1886,64.8,92.2,Pass,0
OULAD_3998,41.6,35.5,Withdrawn,1
OULAD_2591,35.7,51.9,Fail,1
OULAD_3478,49.4,20.3,Withdrawn,1
OULAD_3717,30.3,23.8,Withdrawn,1
OULAD_3534,22.3,25.4,Withdrawn,1
OULAD_3117,29.1,18.6,Withdrawn,1
OULAD_2472,38.7,80.8,Fail,1
OULAD_3648,55.0,51.2,Withdrawn,1
OULAD_1458,66.1,77.1,Pass,0
OULAD_3498,68.1,0.0,Withdrawn,1
OULAD_1078,87.1,93.1,Distinction,0
OULAD_3914,52.2,24.2,Withdrawn,1
OULAD_2056,62.5,80.4,Pass,0
OULAD_1906,55.8,96.4,Pass,0
OULAD_2563,68.0,78.4,Fail,1
OULAD_3426,27.5,43.4,Withdrawn,1
OULAD_3696,20.7,21.6,Withdrawn,1
OULAD_1380,87.6,69.2,Pass,0
OULAD_1947,73.5,89.4,Pass,0
OULAD_2712,51.9,46.2,Fail,1
OULAD_3756,43.5,37.1,Withdrawn,1
OULAD_1715,60.6,93.5,Pass,0
OULAD_2913,49.1,44.8,Fail,1
OULAD_1686,74.1,94.7,Pass,0
OULAD_3670,51.3,60.0,Withdrawn,1
OULAD_2293,79.0,98.2,Pass,0
OULAD_1305,51.1,87.1,Pass,0
OULAD_1209,100.0,100.0,Distinction,0
OULAD_3011,45.1,52.4,Fail,1
OULAD_3221,34.3,28.2,Withdrawn,1
OULAD_3975,61.3,17.8,Withdrawn,1
OULAD_2537,15.0,84.5,Fail,1
OULAD_1885,80.1,93.2,Pass,0
OULAD_2859,53.8,68.1,Fail,1
OULAD_1917,69.0,84.1,Pass,0
OULAD_2886,66.1,63.3,Fail,1
OULAD_2660,30.8,80.4,Fail,1
OULAD_1191,91.6,96.1,Distinction,0
OULAD_2747,47.3,62.8,Fail,1
OULAD_3131,22.4,41.5,Withdrawn,1
OULAD_2265,56.6,68.4,Pass,0
OULAD_1483,80.5,86.9,Pass,0
OULAD_1915,79.5,94.7,Pass,0
OULAD_3599,42.6,35.3,Withdrawn,1
OULAD_1277,69.2,90.0,Pass,0
OULAD_1988,64.7,90.1,Pass,0
OULAD_2987,63.9,73.1,Fail,1
OULAD_2894,59.2,54.1,Fail,1
OULAD_2869,52.6,51.1,Fail,1
OULAD_1571,77.1,74.2,Pass,0
OULAD_1993,62.7,85.3,Pass,0
OULAD_3795,11.7,26.3,Withdrawn,1
OULAD_3946,4.1,18.4,Withdrawn,1
OULAD_1585,65.9,98.7,Pass,0
OULAD_3328,61.4,35.6,Withdrawn,1
OULAD_3993,17.9,36.3,Withdrawn,1
OULAD_2349,81.3,94.2,Pass,0
OULAD_3900,69.5,26.9,Withdrawn,1
OULAD_1674,87.6,82.5,Pass,0
OULAD_3590,68.7,19.1,Withdrawn,1
OULAD_1855,60.7,99.9,Pass,0
OULAD_1447,72.4,85.5,Pass,0
OULAD_2419,41.6,36.2,Fail,1
OULAD_3229,27.7,43.3,Withdrawn,1
OULAD_2616,48.3,95.0,Fail,1
OULAD_3258,72.6,2.0,Withdrawn,1
OULAD_3821,20.1,32.3,Withdrawn,1
OULAD_3753,41.7,6.3,Withdrawn,1
OULAD_2716,23.1,70.7,Fail,1
OULAD_3671,50.9,28.7,Withdrawn,1
OULAD_2247,76.7,96.9,Pass,0
OULAD_1294,81.8,92.1,Pass,0
OULAD_1588,66.0,86.4,Pass,0
OULAD_2281,69.2,85.6,Pass,0
OULAD_2422,64.8,73.9,Fail,1
OULAD_3349,2.1,28.5,Withdrawn,1
OULAD_2426,68.0,79.7,Fail,1
OULAD_3252,64.0,20.5,Withdrawn,1
OULAD_1425,68.2,91.6,Pass,0
OULAD_1534,67.1,94.2,Pass,0
OULAD_2054,71.6,96.7,Pass,0
OULAD_2864,35.0,66.1,Fail,1
OULAD_3504,28.5,20.3,Withdrawn,1
OULAD_2425,42.4,95.0,Fail,1
OULAD_1132,80.1,96.0,Distinction,0
OULAD_2837,37.2,39.7,Fail,1
OULAD_2825,48.3,83.0,Fail,1
OULAD_1421,81.4,90.3,Pass,0
OULAD_3658,70.7,50.1,Withdrawn,1
OULAD_3028,30.5,62.6,Fail,1
OULAD_3989,34.4,21.7,Withdrawn,1
OULAD_2368,89.6,87.4,Pass,0
OULAD_1556,85.2,86.0,Pass,0
OULAD_3043,39.3,37.5,Fail,1
OULAD_2486,21.0,76.5,Fail,1
OULAD_3679,43.8,20.0,Withdrawn,1
OULAD_1570,70.6,78.3,Pass,0
OULAD_1352,87.9,88.8,Pass,0
OULAD_1091,92.3,100.0,Distinction,0
OULAD_3562,49.0,18.0,Withdrawn,1
OULAD_3533,65.6,31.4,Withdrawn,1
OULAD_2170,77.0,91.7,Pass,0
OULAD_3248,44.8,41.1,Withdrawn,1
OULAD_2285,74.3,100.0,Pass,0
OULAD_2702,42.4,50.9,Fail,1
OULAD_2468,49.5,64.1,Fail,1
OULAD_2907,34.2,91.1,Fail,1
OULAD_2477,62.7,91.4,Fail,1
OULAD_1697,87.2,94.4,Pass,0
OULAD_3506,20.8,11.2,Withdrawn,1
OULAD_1348,75.3,100.0,Pass,0
OULAD_2644,66.8,83.2,Fail,1
OULAD_3346,46.7,23.6,Withdrawn,1
OULAD_3431,17.7,18.1,Withdrawn,1
OULAD_3168,68.2,15.7,Withdrawn,1
OULAD_2137,84.5,82.4,Pass,0
OULAD_2797,56.0,94.8,Fail,1
OULAD_2544,34.6,77.5,Fail,1
OULAD_3836,33.1,0.0,Withdrawn,1
OULAD_3820,27.2,28.5,Withdrawn,1
OULAD_2339,68.7,86.0,Pass,0
OULAD_3490,22.7,21.4,Withdrawn,1
OULAD_1453,77.7,70.5,Pass,0
OULAD_1913,56.9,100.0,Pass,0
OULAD_2199,75.0,100.0,Pass,0
OULAD_2274,65.6,91.4,Pass,0
OULAD_2866,60.0,87.5,Fail,1
OULAD_1037,74.7,93.6,Distinction,0
OULAD_1974,65.2,88.3,Pass,0
OULAD_3770,27.5,58.2,Withdrawn,1
OULAD_1983,74.4,81.5,Pass,0
OULAD_2805,67.4,86.5,Fail,1
OULAD_2961,31.7,39.5,Fail,1
OULAD_2418,57.4,48.4,Fail,1
OULAD_2284,69.0,91.3,Pass,0
OULAD_1039,87.7,95.2,Distinction,0
OULAD_3540,43.2,55.0,Withdrawn,1
OULAD_1169,82.0,95.8,Distinction,0
OULAD_2355,80.7,96.2,Pass,0
OULAD_1737,76.7,79.7,Pass,0
OULAD_2590,23.1,58.5,Fail,1
OULAD_3699,56.3,37.8,Withdrawn,1
OULAD_2897,50.3,31.0,Fail,1
OULAD_1634,72.7,79.8,Pass,0
OULAD_3647,63.3,53.1,Withdrawn,1
OULAD_2918,32.9,95.0,Fail,1
OULAD_2290,70.8,91.9,Pass,0
OULAD_2380,76.2,94.0,Pass,0
OULAD_1579,66.2,92.3,Pass,0
OULAD_1328,67.0,97.5,Pass,0
OULAD_2642,42.5,70.1,Fail,1
OULAD_1892,58.5,84.2,Pass,0
OULAD_2849,63.2,63.9,Fail,1
OULAD_1780,65.4,72.0,Pass,0
OULAD_1159,90.4,89.0,Distinction,0
OULAD_2545,67.0,78.2,Fail,1
OULAD_2933,60.8,73.5,Fail,1
OULAD_3978,62.2,31.8,Withdrawn,1
OULAD_1061,85.4,92.4,Distinction,0
OULAD_1849,80.5,90.0,Pass,0
OULAD_3129,52.3,29.6,Withdrawn,1
OULAD_3892,39.8,5.6,Withdrawn,1
OULAD_2043,76.0,80.8,Pass,0
OULAD_3496,57.3,25.9,Withdrawn,1
OULAD_3260,54.3,48.0,Withdrawn,1
OULAD_3121,46.7,21.0,Withdrawn,1
OULAD_2070,72.4,81.9,Pass,0
OULAD_1053,90.2,100.0,Distinction,0
OULAD_1258,89.2,97.0,Distinction,0
OULAD_1505,56.9,82.6,Pass,0
OULAD_1752,70.8,93.0,Pass,0
OULAD_2978,56.3,63.1,Fail,1
OULAD_3947,78.8,46.7,Withdrawn,1
OULAD_3410,20.5,19.6,Withdrawn,1
OULAD_2517,48.6,48.5,Fail,1
OULAD_3997,70.9,8.5,Withdrawn,1
OULAD_3273,60.5,39.2,Withdrawn,1
OULAD_2389,81.3,91.0,Pass,0
OULAD_2266,75.6,91.5,Pass,0
OULAD_3466,45.9,32.7,Withdrawn,1
OULAD_2711,38.7,59.1,Fail,1
OULAD_1771,66.9,84.4,Pass,0
OULAD_3802,19.6,21.4,Withdrawn,1
OULAD_2807,39.7,69.4,Fail,1
OULAD_3685,47.3,4.1,Withdrawn,1
OULAD_2085,47.7,96.1,Pass,0
OULAD_3257,58.2,16.2,Withdrawn,1
OULAD_2532,53.7,95.0,Fail,1
OULAD_2325,61.9,82.7,Pass,0
OULAD_3119,40.9,41.1,Withdrawn,1
OULAD_2812,62.4,31.8,Fail,1
OULAD_2714,44.3,73.4,Fail,1
OULAD_3034,54.3,63.9,Fail,1
OULAD_3423,33.7,26.5,Withdrawn,1
OULAD_3434,38.1,39.0,Withdrawn,1
OULAD_2681,55.1,70.9,Fail,1
OULAD_3227,44.3,34.7,Withdrawn,1
OULAD_2163,65.8,87.5,Pass,0
OULAD_1963,94.2,93.0,Pass,0
OULAD_3902,23.8,25.6,Withdrawn,1
OULAD_2662,48.4,28.7,Fail,1
OULAD_1398,47.1,72.2,Pass,0
OULAD_1584,83.8,91.5,Pass,0
OULAD_1948,63.5,70.2,Pass,0
OULAD_1704,67.0,95.4,Pass,0
OULAD_1431,80.4,69.2,Pass,0
OULAD_1292,78.8,94.3,Pass,0
OULAD_1145,91.2,93.0,Distinction,0
OULAD_1323,74.0,85.0,Pass,0
OULAD_3108,74.6,10.8,Withdrawn,1
OULAD_2165,73.5,76.9,Pass,0
OULAD_2452,32.8,47.6,Fail,1
OULAD_1002,90.4,100.0,Distinction,0
OULAD_1576,73.6,95.3,Pass,0
OULAD_3657,33.2,27.3,Withdrawn,1
OULAD_1339,84.5,98.0,Pass,0
OULAD_3539,26.9,43.2,Withdrawn,1
OULAD_3935,19.1,35.1,Withdrawn,1
OULAD_1925,75.0,93.8,Pass,0
OULAD_1265,79.0,96.2,Distinction,0
OULAD_1376,46.7,84.9,Pass,0
OULAD_3022,52.3,63.0,Fail,1
OULAD_2463,39.0,42.7,Fail,1
OULAD_1271,60.8,87.8,Pass,0
OULAD_1696,64.9,79.0,Pass,0
OULAD_3973,27.4,0.0,Withdrawn,1
OULAD_1244,79.3,93.7,Distinction,0
OULAD_3813,50.6,14.5,Withdrawn,1
OULAD_1476,72.7,79.9,Pass,0
OULAD_3785,80.0,37.5,Withdrawn,1
OULAD_3843,44.8,0.0,Withdrawn,1
OULAD_3298,29.9,39.1,Withdrawn,1
OULAD_3448,48.3,33.1,Withdrawn,1
OULAD_3783,44.7,60.0,Withdrawn,1
OULAD_3953,13.2,41.0,Withdrawn,1
OULAD_3982,48.1,59.9,Withdrawn,1
OULAD_3159,42.2,9.9,Withdrawn,1
OULAD_1250,78.9,89.3,Distinction,0
OULAD_1413,75.4,81.5,Pass,0
OULAD_1545,57.6,100.0,Pass,0
OULAD_2193,63.3,76.1,Pass,0
OULAD_1738,80.4,87.0,Pass,0
OULAD_1310,74.0,93.1,Pass,0
OULAD_2979,47.7,72.1,Fail,1
OULAD_1893,56.2,90.5,Pass,0
OULAD_2131,75.8,75.4,Pass,0
OULAD_2449,48.3,25.1,Fail,1
OULAD_3907,44.1,0.0,Withdrawn,1
OULAD_1015,83.1,88.2,Distinction,0
OULAD_2950,32.2,95.0,Fail,1
OULAD_1721,52.6,88.2,Pass,0
OULAD_2420,25.6,59.1,Fail,1
OULAD_3633,52.4,32.8,Withdrawn,1
OULAD_1981,78.5,78.7,Pass,0
OULAD_2874,27.3,57.6,Fail,1
OULAD_2539,26.4,57.5,Fail,1
OULAD_3530,38.1,48.7,Withdrawn,1
OULAD_2550,36.1,40.3,Fail,1
OULAD_3422,31.4,42.8,Withdrawn,1
OULAD_1363,67.2,89.9,Pass,0
OULAD_3768,66.3,31.3,Withdrawn,1
OULAD_1182,80.1,92.1,Distinction,0
OULAD_1985,60.1,73.5,Pass,0
OULAD_2990,51.9,78.5,Fail,1
OULAD_2194,65.8,81.8,Pass,0
OULAD_2769,52.2,59.4,Fail,1
OULAD_2675,49.7,61.7,Fail,1
OULAD_2121,64.9,78.7,Pass,0
OULAD_1187,86.1,91.9,Distinction,0
OULAD_1619,81.0,83.1,Pass,0
OULAD_2612,41.1,68.2,Fail,1
OULAD_2175,65.1,81.7,Pass,0
OULAD_2182,73.2,87.6,Pass,0
OULAD_3384,64.8,41.5,Withdrawn,1
OULAD_3715,36.5,21.2,Withdrawn,1
OULAD_1614,77.1,60.0,Pass,0
OULAD_2513,45.2,43.0,Fail,1
OULAD_2466,34.8,77.2,Fail,1
OULAD_1401,52.3,89.5,Pass,0
OULAD_1994,72.5,100.0,Pass,0
OULAD_1934,71.4,66.5,Pass,0
OULAD_1371,86.0,87.2,Pass,0
OULAD_2922,65.1,29.4,Fail,1
OULAD_3306,0.0,25.9,Withdrawn,1
OULAD_1593,87.2,84.9,Pass,0
OULAD_2910,48.4,89.5,Fail,1
OULAD_1726,87.2,89.0,Pass,0
OULAD_1826,71.7,88.1,Pass,0
OULAD_2674,43.8,47.1,Fail,1
OULAD_1687,75.1,77.3,Pass,0
OULAD_3215,45.7,36.1,Withdrawn,1
OULAD_1136,81.8,91.7,Distinction,0
OULAD_3764,7.6,29.7,Withdrawn,1
OULAD_1628,81.9,87.7,Pass,0
OULAD_1334,74.7,78.7,Pass,0
OULAD_1390,65.8,100.0,Pass,0
OULAD_3309,28.0,12.3,Withdrawn,1
OULAD_2109,87.4,79.5,Pass,0
OULAD_2737,37.5,29.6,Fail,1
OULAD_3698,60.5,26.3,Withdrawn,1
OULAD_1710,78.1,100.0,Pass,0
OULAD_2039,75.3,81.1,Pass,0
OULAD_3714,80.0,34.3,Withdrawn,1
OULAD_2850,43.1,95.0,Fail,1
OULAD_3595,39.2,0.1,Withdrawn,1
OULAD_2561,45.2,53.6,Fail,1
OULAD_3757,56.4,22.7,Withdrawn,1
OULAD_2594,52.7,86.5,Fail,1
OULAD_3750,39.2,27.3,Withdrawn,1
OULAD_2112,90.4,91.7,Pass,0
OULAD_1465,75.3,100.0,Pass,0
OULAD_2560,23.1,75.7,Fail,1
OULAD_2223,72.7,91.1,Pass,0
OULAD_2953,29.7,79.1,Fail,1
OULAD_3966,80.0,41.6,Withdrawn,1
OULAD_3348,35.7,0.0,Withdrawn,1
OULAD_2508,47.2,50.3,Fail,1
OULAD_2104,84.2,86.7,Pass,0
OULAD_2988,68.0,82.3,Fail,1
OULAD_1338,55.0,89.9,Pass,0
OULAD_1215,91.1,90.3,Distinction,0
OULAD_2615,41.3,49.7,Fail,1
OULAD_2916,46.0,75.0,Fail,1
OULAD_3514,38.6,47.1,Withdrawn,1
OULAD_3804,31.1,46.8,Withdrawn,1
OULAD_2592,41.0,71.7,Fail,1
OULAD_3240,42.8,26.4,Withdrawn,1
OULAD_2684,35.6,52.5,Fail,1
OULAD_3522,51.8,40.1,Withdrawn,1
OULAD_1816,80.3,100.0,Pass,0
OULAD_2067,68.3,100.0,Pass,0
OULAD_3003,36.0,62.4,Fail,1
OULAD_1274,48.8,76.2,Pass,0
OULAD_3244,34.6,43.6,Withdrawn,1
OULAD_1865,79.7,77.1,Pass,0
OULAD_1101,84.0,98.0,Distinction,0
OULAD_2501,50.3,88.6,Fail,1
OULAD_3149,9.5,33.2,Withdrawn,1
OULAD_1171,81.6,95.9,Distinction,0
OULAD_1107,87.5,96.7,Distinction,0
OULAD_2862,56.6,81.0,Fail,1
OULAD_2521,40.5,75.9,Fail,1
OULAD_3987,42.4,28.7,Withdrawn,1
OULAD_3202,17.5,30.4,Withdrawn,1
OULAD_3054,48.1,70.5,Fail,1
OULAD_2764,34.0,47.5,Fail,1
OULAD_3033,65.1,81.0,Fail,1
OULAD_2962,63.4,44.3,Fail,1
OULAD_3250,41.6,12.5,Withdrawn,1
OULAD_3340,30.0,11.1,Withdrawn,1
OULAD_3575,71.1,0.0,Withdrawn,1
OULAD_2924,62.8,27.8,Fail,1
OULAD_1295,67.3,85.6,Pass,0
OULAD_1712,62.3,87.8,Pass,0
OULAD_1072,86.3,97.0,Distinction,0
OULAD_2952,24.5,31.7,Fail,1
OULAD_3269,36.3,39.6,Withdrawn,1
OULAD_3561,32.3,27.6,Withdrawn,1
OULAD_3885,17.0,54.8,Withdrawn,1
OULAD_1481,58.8,88.1,Pass,0
OULAD_3218,69.2,19.8,Withdrawn,1
OULAD_2530,58.0,50.2,Fail,1
OULAD_3115,48.5,36.3,Withdrawn,1
OULAD_2514,47.1,66.3,Fail,1
OULAD_3960,19.7,15.0,Withdrawn,1
OULAD_2490,45.5,69.2,Fail,1
OULAD_2171,81.6,91.9,Pass,0
OULAD_3452,50.9,55.3,Withdrawn,1
OULAD_3429,20.5,0.0,Withdrawn,1
OULAD_3073,47.6,3.1,Withdrawn,1
OULAD_3216,33.8,32.7,Withdrawn,1
OULAD_3271,45.5,60.0,Withdrawn,1
OULAD_1405,64.0,79.1,Pass,0
OULAD_1757,72.1,75.4,Pass,0
OULAD_2956,39.7,50.9,Fail,1
OULAD_3184,46.2,44.6,Withdrawn,1
OULAD_2951,25.8,39.4,Fail,1
OULAD_1097,88.1,96.1,Distinction,0
OULAD_2333,63.8,93.6,Pass,0
OULAD_3389,53.9,0.0,Withdrawn,1
OULAD_1743,64.8,90.3,Pass,0
OULAD_1806,57.0,83.6,Pass,0
OULAD_3769,30.2,2.0,Withdrawn,1
OULAD_2896,52.4,70.6,Fail,1
OULAD_3499,42.3,53.6,Withdrawn,1
OULAD_2535,32.2,50.8,Fail,1
OULAD_3050,66.3,54.1,Fail,1
OULAD_3010,38.7,76.4,Fail,1
OULAD_1148,89.6,100.0,Distinction,0
OULAD_3554,48.4,27.0,Withdrawn,1
OULAD_3053,58.3,68.7,Fail,1
OULAD_2902,68.0,71.3,Fail,1
OULAD_2315,77.2,88.0,Pass,0
OULAD_1692,72.8,79.3,Pass,0
OULAD_1818,68.7,69.3,Pass,0
OULAD_2728,51.7,47.1,Fail,1
OULAD_2386,72.5,93.7,Pass,0
OULAD_3281,42.9,38.5,Withdrawn,1
OULAD_3733,29.3,25.0,Withdrawn,1
OULAD_2599,40.3,71.1,Fail,1
OULAD_3610,37.8,38.6,Withdrawn,1
OULAD_3457,55.7,23.6,Withdrawn,1
OULAD_1701,64.9,86.4,Pass,0
OULAD_2878,38.5,60.0,Fail,1
OULAD_3656,45.8,44.2,Withdrawn,1
OULAD_1921,59.0,87.3,Pass,0
OULAD_2424,43.1,74.2,Fail,1
OULAD_2708,58.6,27.6,Fail,1
OULAD_1905,68.5,92.2,Pass,0
OULAD_1454,72.5,100.0,Pass,0
OULAD_3185,60.6,0.0,Withdrawn,1
OULAD_3304,59.9,23.9,Withdrawn,1
OULAD_2771,52.3,52.2,Fail,1
OULAD_1167,97.9,90.5,Distinction,0
OULAD_1730,83.6,89.6,Pass,0
OULAD_3188,40.3,13.3,Withdrawn,1
OULAD_2310,72.8,100.0,Pass,0
OULAD_1026,79.6,99.6,Distinction,0
OULAD_3059,43.4,94.8,Fail,1
OULAD_2652,44.9,35.5,Fail,1
OULAD_2622,51.4,86.9,Fail,1
OULAD_1587,75.2,79.2,Pass,0
OULAD_3016,49.0,80.5,Fail,1
OULAD_1997,62.9,96.3,Pass,0
OULAD_2176,66.2,74.8,Pass,0
OULAD_2700,32.1,83.0,Fail,1
OULAD_2040,70.8,78.8,Pass,0
OULAD_1033,80.2,98.4,Distinction,0
OULAD_2809,54.7,61.5,Fail,1
OULAD_3626,51.2,33.2,Withdrawn,1
OULAD_2379,94.3,89.8,Pass,0
OULAD_1041,87.5,100.0,Distinction,0
OULAD_2791,51.1,50.8,Fail,1
OULAD_3189,26.0,55.7,Withdrawn,1
OULAD_3606,54.5,7.7,Withdrawn,1
OULAD_2972,48.6,35.9,Fail,1
OULAD_3289,54.2,42.6,Withdrawn,1
OULAD_2925,29.9,65.5,Fail,1
OULAD_1609,81.7,75.6,Pass,0
OULAD_2132,81.7,85.8,Pass,0
OULAD_1028,82.9,99.3,Distinction,0
OULAD_1441,70.1,100.0,Pass,0
OULAD_3355,21.6,42.3,Withdrawn,1
OULAD_3798,44.6,36.2,Withdrawn,1
OULAD_1493,70.1,91.7,Pass,0
OULAD_2258,66.6,93.5,Pass,0
OULAD_2301,59.7,100.0,Pass,0
OULAD_3365,54.5,4.0,Withdrawn,1
OULAD_2382,72.7,83.9,Pass,0
OULAD_2304,75.2,91.7,Pass,0
OULAD_1236,74.3,93.6,Distinction,0
OULAD_1551,83.7,90.9,Pass,0
OULAD_1520,74.9,75.7,Pass,0
OULAD_3446,34.5,6.4,Withdrawn,1
OULAD_2232,63.6,79.5,Pass,0
OULAD_2138,68.1,98.2,Pass,0
OULAD_1720,72.9,92.4,Pass,0
OULAD_1735,74.5,100.0,Pass,0
OULAD_3653,36.5,46.1,Withdrawn,1
OULAD_2750,38.7,57.8,Fail,1
OULAD_1058,88.5,98.5,Distinction,0
OULAD_1631,67.5,83.9,Pass,0
OULAD_2181,86.3,83.4,Pass,0
OULAD_3203,22.6,40.3,Withdrawn,1
OULAD_1592,84.9,80.1,Pass,0
OULAD_2303,58.8,74.0,Pass,0
OULAD_2387,82.9,70.1,Pass,0
OULAD_3615,54.0,0.0,Withdrawn,1
OULAD_3630,24.1,16.2,Withdrawn,1
OULAD_2845,47.8,63.3,Fail,1
OULAD_1939,86.7,84.1,Pass,0
OULAD_3788,44.4,0.0,Withdrawn,1
OULAD_2249,87.7,93.5,Pass,0
OULAD_1904,64.2,94.7,Pass,0
OULAD_3543,32.8,24.8,Withdrawn,1
OULAD_2279,82.0,94.1,Pass,0
OULAD_3402,65.3,36.5,Withdrawn,1
OULAD_3959,42.3,60.0,Withdrawn,1
OULAD_3126,61.8,23.6,Withdrawn,1
OULAD_3387,18.0,3.8,Withdrawn,1
OULAD_3042,44.5,93.1,Fail,1
OULAD_2142,75.1,100.0,Pass,0
OULAD_3381,33.0,18.1,Withdrawn,1
OULAD_1706,66.9,85.7,Pass,0
OULAD_3641,52.7,19.0,Withdrawn,1
OULAD_2022,70.9,87.8,Pass,0
OULAD_1745,72.8,81.8,Pass,0
OULAD_2546,57.2,47.3,Fail,1
OULAD_3357,26.8,13.5,Withdrawn,1
OULAD_3046,59.1,60.6,Fail,1
OULAD_1513,76.5,90.4,Pass,0
OULAD_1081,88.6,100.0,Distinction,0
OULAD_3661,41.1,13.2,Withdrawn,1
OULAD_2308,64.4,82.1,Pass,0
OULAD_3495,31.7,7.6,Withdrawn,1
OULAD_1914,62.1,87.9,Pass,0
OULAD_2404,85.5,100.0,Pass,0
OULAD_2647,48.5,95.0,Fail,1
OULAD_3760,57.6,28.5,Withdrawn,1
OULAD_2108,65.5,85.7,Pass,0
OULAD_1150,88.0,100.0,Distinction,0
OULAD_3726,50.8,0.0,Withdrawn,1
OULAD_1774,69.4,65.9,Pass,0
OULAD_1329,74.4,100.0,Pass,0
OULAD_1006,96.0,96.8,Distinction,0
OULAD_1943,79.1,74.3,Pass,0
OULAD_1822,77.5,68.3,Pass,0
OULAD_1734,77.3,85.8,Pass,0
OULAD_1909,61.1,77.0,Pass,0
OULAD_1468,86.0,71.2,Pass,0
OULAD_1181,81.4,99.8,Distinction,0
OULAD_1164,92.3,100.0,Distinction,0
OULAD_2523,57.5,38.4,Fail,1
OULAD_1451,55.6,96.1,Pass,0
OULAD_1490,65.8,95.0,Pass,0
OULAD_3004,39.4,57.0,Fail,1
OULAD_2143,90.5,91.9,Pass,0
OULAD_2311,81.3,82.9,Pass,0
OULAD_3242,50.9,40.0,Withdrawn,1
OULAD_2111,66.6,100.0,Pass,0
OULAD_3854,50.1,5.9,Withdrawn,1
OULAD_2977,46.9,95.0,Fail,1
OULAD_2441,56.0,49.2,Fail,1
OULAD_2889,59.6,68.4,Fail,1
OULAD_2006,91.9,93.5,Pass,0
OULAD_2627,48.0,71.0,Fail,1
OULAD_2632,39.0,48.5,Fail,1
OULAD_2074,79.5,82.5,Pass,0
OULAD_1578,65.3,81.6,Pass,0
OULAD_3727,6.9,24.3,Withdrawn,1
OULAD_3345,53.0,54.8,Withdrawn,1
OULAD_3263,45.6,34.7,Withdrawn,1
OULAD_3302,22.3,41.7,Withdrawn,1
OULAD_1327,62.2,77.3,Pass,0
OULAD_2790,48.2,56.9,Fail,1
OULAD_1442,66.1,76.1,Pass,0
OULAD_2858,48.8,43.8,Fail,1
OULAD_3170,8.8,33.0,Withdrawn,1
OULAD_3832,23.5,10.3,Withdrawn,1
OULAD_1832,89.8,100.0,Pass,0
OULAD_3374,7.1,34.9,Withdrawn,1
OULAD_3103,24.6,29.2,Withdrawn,1
OULAD_2414,45.4,46.8,Fail,1
OULAD_2201,65.5,76.6,Pass,0
OULAD_3314,31.1,17.5,Withdrawn,1
OULAD_2499,61.1,81.3,Fail,1
OULAD_3877,18.0,34.1,Withdrawn,1
OULAD_1086,92.0,95.9,Distinction,0
OULAD_2403,62.7,84.8,Pass,0
OULAD_3926,54.8,38.8,Withdrawn,1
OULAD_2481,20.4,36.8,Fail,1
OULAD_1777,56.8,85.3,Pass,0
OULAD_1799,74.1,88.0,Pass,0
OULAD_2666,55.3,56.8,Fail,1
OULAD_1054,92.7,92.0,Distinction,0
OULAD_3362,46.1,29.0,Withdrawn,1
OULAD_2287,63.8,74.9,Pass,0
OULAD_2667,52.6,62.1,Fail,1
OULAD_3586,36.3,17.7,Withdrawn,1
OULAD_3154,17.3,14.1,Withdrawn,1
OULAD_2701,42.6,56.0,Fail,1
OULAD_2245,69.9,96.5,Pass,0
OULAD_1113,100.0,93.9,Distinction,0
OULAD_3806,17.9,0.0,Withdrawn,1
OULAD_1987,74.8,78.0,Pass,0
OULAD_1501,65.9,100.0,Pass,0
OULAD_3891,23.5,39.4,Withdrawn,1
OULAD_2009,68.2,74.7,Pass,0
OULAD_2198,60.2,97.0,Pass,0
OULAD_2394,82.7,87.0,Pass,0
OULAD_1589,76.7,80.6,Pass,0
OULAD_1768,73.0,100.0,Pass,0
OULAD_1017,88.4,98.4,Distinction,0
OULAD_2042,83.5,87.3,Pass,0
OULAD_2447,43.2,72.6,Fail,1
OULAD_3463,26.2,16.0,Withdrawn,1
OULAD_1285,67.3,100.0,Pass,0
OULAD_3638,59.2,22.6,Withdrawn,1
OULAD_1428,79.3,87.7,Pass,0
OULAD_2328,71.2,100.0,Pass,0
OULAD_2948,51.5,55.7,Fail,1
OULAD_1669,65.9,83.5,Pass,0
OULAD_1031,97.6,93.8,Distinction,0
OULAD_2341,56.9,100.0,Pass,0
OULAD_1722,68.8,94.7,Pass,0
OULAD_1951,73.8,74.5,Pass,0
OULAD_2914,59.2,69.4,Fail,1
OULAD_3293,63.5,13.3,Withdrawn,1
OULAD_1214,84.6,93.0,Distinction,0
OULAD_1989,70.5,88.7,Pass,0
OULAD_2164,69.5,100.0,Pass,0
OULAD_3792,29.6,32.8,Withdrawn,1
OULAD_3005,44.2,67.0,Fail,1
OULAD_1326,68.6,77.5,Pass,0
OULAD_1560,58.9,93.9,Pass,0
OULAD_2383,67.8,78.7,Pass,0
OULAD_2724,46.5,65.1,Fail,1
OULAD_2086,66.1,85.2,Pass,0
OULAD_3683,34.7,28.8,Withdrawn,1
OULAD_1341,70.5,94.8,Pass,0
OULAD_2653,39.6,32.8,Fail,1
OULAD_1147,78.6,96.5,Distinction,0
OULAD_3339,57.8,40.3,Withdrawn,1
OULAD_3412,26.8,15.8,Withdrawn,1
OULAD_2107,80.4,65.8,Pass,0
OULAD_1848,72.8,62.0,Pass,0
OULAD_1966,86.1,84.4,Pass,0
OULAD_2072,74.9,100.0,Pass,0
OULAD_3464,55.4,0.0,Withdrawn,1
OULAD_2905,51.0,68.4,Fail,1
OULAD_1155,82.2,100.0,Distinction,0
OULAD_1665,66.5,84.8,Pass,0
OULAD_1661,87.9,100.0,Pass,0
OULAD_2002,61.2,76.8,Pass,0
OULAD_3341,40.9,34.8,Withdrawn,1
OULAD_3516,60.4,36.1,Withdrawn,1
OULAD_1176,86.6,97.5,Distinction,0
OULAD_3654,40.5,14.0,Withdrawn,1
OULAD_2879,42.5,42.0,Fail,1
OULAD_2524,56.5,87.7,Fail,1
OULAD_3817,71.0,30.8,Withdrawn,1
OULAD_2203,71.1,87.9,Pass,0
OULAD_1024,83.2,97.4,Distinction,0
OULAD_3810,59.9,45.7,Withdrawn,1
OULAD_3809,59.4,24.3,Withdrawn,1
OULAD_3077,40.3,44.6,Withdrawn,1
OULAD_3299,46.0,32.5,Withdrawn,1
OULAD_1875,71.1,92.6,Pass,0
OULAD_3899,68.1,45.5,Withdrawn,1
OULAD_1938,58.4,94.9,Pass,0
OULAD_3697,37.5,16.1,Withdrawn,1
OULAD_2552,39.7,29.4,Fail,1
OULAD_1346,72.0,86.6,Pass,0
OULAD_3507,74.8,0.0,Withdrawn,1
OULAD_3971,11.5,28.0,Withdrawn,1
OULAD_3037,36.3,89.4,Fail,1
OULAD_2926,29.6,27.6,Fail,1
OULAD_1385,71.5,80.5,Pass,0
OULAD_2829,57.3,71.8,Fail,1
OULAD_3161,66.4,0.0,Withdrawn,1
OULAD_3508,31.8,24.4,Withdrawn,1
OULAD_3196,47.2,44.5,Withdrawn,1
OULAD_1243,91.7,92.4,Distinction,0
OULAD_3086,51.5,27.7,Withdrawn,1
OULAD_2826,58.1,90.1,Fail,1
OULAD_1936,64.7,83.2,Pass,0
OULAD_2689,53.0,64.6,Fail,1
OULAD_3580,37.5,58.4,Withdrawn,1
OULAD_1312,76.7,95.4,Pass,0
OULAD_2459,60.7,46.1,Fail,1
OULAD_3925,41.1,14.2,Withdrawn,1
OULAD_3107,47.5,28.7,Withdrawn,1
OULAD_2332,65.2,88.4,Pass,0
OULAD_1968,76.1,83.9,Pass,0
OULAD_2454,50.9,54.5,Fail,1
OULAD_1660,66.0,97.7,Pass,0
OULAD_2934,34.4,40.4,Fail,1
OULAD_1935,71.4,99.0,Pass,0
OULAD_1370,68.0,73.9,Pass,0
OULAD_1566,85.0,99.2,Pass,0
OULAD_2973,58.3,70.4,Fail,1
OULAD_2854,54.0,60.3,Fail,1
OULAD_2024,71.7,90.3,Pass,0
OULAD_1824,77.6,75.9,Pass,0
OULAD_1982,53.1,73.0,Pass,0
OULAD_3672,42.0,17.7,Withdrawn,1
OULAD_3956,23.4,26.0,Withdrawn,1
OULAD_2645,35.7,62.2,Fail,1
OULAD_3582,42.8,54.3,Withdrawn,1
OULAD_3245,60.1,27.8,Withdrawn,1
OULAD_3118,34.5,2.7,Withdrawn,1
OULAD_1813,89.7,86.2,Pass,0
OULAD_2792,48.7,64.9,Fail,1
OULAD_2430,49.5,86.3,Fail,1
OULAD_1778,84.3,83.7,Pass,0
OULAD_2749,49.8,43.7,Fail,1
OULAD_2320,61.4,100.0,Pass,0
OULAD_3399,49.0,33.0,Withdrawn,1
OULAD_3871,38.3,31.3,Withdrawn,1
OULAD_2052,70.4,92.8,Pass,0
OULAD_3321,56.8,8.8,Withdrawn,1
OULAD_2013,79.6,87.6,Pass,0
OULAD_2928,52.0,94.6,Fail,1
OULAD_2401,67.7,81.6,Pass,0
OULAD_2822,33.1,50.6,Fail,1
OULAD_3247,62.3,3.1,Withdrawn,1
OULAD_3493,45.9,60.0,Withdrawn,1
OULAD_3591,36.9,23.9,Withdrawn,1
OULAD_1126,80.6,89.1,Distinction,0
OULAD_3091,50.6,16.7,Withdrawn,1
OULAD_3134,44.0,2.7,Withdrawn,1
OULAD_1887,91.3,100.0,Pass,0
OULAD_3456,17.0,17.9,Withdrawn,1
OULAD_2347,64.2,80.4,Pass,0
OULAD_2007,74.5,91.4,Pass,0
OULAD_1355,66.4,79.6,Pass,0
OULAD_2003,68.2,78.8,Pass,0
OULAD_2483,48.6,95.0,Fail,1
OULAD_1682,59.7,94.2,Pass,0
OULAD_1827,53.0,78.5,Pass,0
OULAD_3850,71.9,31.9,Withdrawn,1
OULAD_3204,5.6,60.0,Withdrawn,1
OULAD_3691,54.0,0.1,Withdrawn,1
OULAD_1984,82.0,87.2,Pass,0
OULAD_2233,71.0,81.5,Pass,0
OULAD_3553,55.9,38.2,Withdrawn,1
OULAD_2639,60.4,65.7,Fail,1
OULAD_1140,87.9,98.8,Distinction,0
OULAD_1217,85.1,91.7,Distinction,0
OULAD_3465,30.5,27.7,Withdrawn,1
OULAD_1362,69.6,81.8,Pass,0
OULAD_3664,47.2,20.2,Withdrawn,1
OULAD_1345,72.2,100.0,Pass,0
OULAD_3058,40.5,51.8,Fail,1
OULAD_1022,86.9,93.6,Distinction,0
OULAD_1711,74.8,95.8,Pass,0
OULAD_3949,49.2,4.1,Withdrawn,1
OULAD_1010,83.7,96.5,Distinction,0
OULAD_3416,49.6,21.9,Withdrawn,1
OULAD_2834,43.9,94.1,Fail,1
OULAD_1793,55.3,75.1,Pass,0
OULAD_3765,43.7,22.9,Withdrawn,1
OULAD_1094,84.1,98.8,Distinction,0
OULAD_1129,83.5,100.0,Distinction,0
OULAD_2900,31.8,57.9,Fail,1
OULAD_3409,61.0,45.9,Withdrawn,1
OULAD_2932,33.7,65.3,Fail,1
OULAD_3669,54.6,49.3,Withdrawn,1
OULAD_2865,62.3,72.0,Fail,1
OULAD_2658,48.7,43.4,Fail,1
OULAD_1516,78.5,62.7,Pass,0
OULAD_2857,41.5,73.3,Fail,1
OULAD_2277,73.7,72.6,Pass,0
OULAD_1950,60.3,77.7,Pass,0
OULAD_2120,75.1,92.7,Pass,0
OULAD_1419,75.0,88.2,Pass,0
OULAD_1922,65.6,72.8,Pass,0
OULAD_3728,5.1,30.2,Withdrawn,1
OULAD_1477,64.2,92.2,Pass,0
OULAD_3035,32.3,69.4,Fail,1
OULAD_3177,80.0,0.0,Withdrawn,1
OULAD_2692,65.8,50.4,Fail,1
OULAD_3212,62.9,25.2,Withdrawn,1
OULAD_2471,20.6,91.1,Fail,1
OULAD_2202,69.8,86.0,Pass,0
OULAD_2669,43.0,40.7,Fail,1
OULAD_3774,63.0,32.9,Withdrawn,1
OULAD_2970,68.0,68.7,Fail,1
OULAD_1820,70.4,81.2,Pass,0
OULAD_2997,47.5,70.4,Fail,1
OULAD_3868,59.7,17.5,Withdrawn,1
OULAD_2248,61.8,89.7,Pass,0
OULAD_3872,43.5,33.8,Withdrawn,1
OULAD_3649,44.0,43.0,Withdrawn,1
OULAD_2046,61.4,82.2,Pass,0
OULAD_2888,32.2,85.1,Fail,1
OULAD_1615,87.6,89.8,Pass,0
OULAD_2318,63.6,80.6,Pass,0
OULAD_3884,47.9,4.3,Withdrawn,1
OULAD_3460,45.0,27.4,Withdrawn,1
OULAD_2772,32.8,82.6,Fail,1
OULAD_3951,28.8,28.4,Withdrawn,1
OULAD_1131,86.9,93.6,Distinction,0
OULAD_1077,84.7,90.4,Distinction,0
OULAD_3052,47.9,82.2,Fail,1
OULAD_1724,62.0,84.5,Pass,0
OULAD_2314,74.9,100.0,Pass,0
OULAD_2851,46.6,69.0,Fail,1
OULAD_3296,32.5,29.3,Withdrawn,1
OULAD_3486,23.9,30.1,Withdrawn,1
OULAD_2372,70.3,76.0,Pass,0
OULAD_2855,68.0,58.9,Fail,1
OULAD_2319,71.8,83.1,Pass,0
OULAD_3874,73.5,48.3,Withdrawn,1
OULAD_3171,58.1,7.6,Withdrawn,1
OULAD_1375,68.5,73.4,Pass,0
OULAD_2908,59.5,75.2,Fail,1
OULAD_1333,83.2,99.6,Pass,0
OULAD_3251,40.1,19.4,Withdrawn,1
OULAD_3736,28.7,37.3,Withdrawn,1
OULAD_2604,39.0,63.8,Fail,1
OULAD_2118,71.3,100.0,Pass,0
OULAD_3828,54.1,30.6,Withdrawn,1
OULAD_2943,46.9,68.6,Fail,1
OULAD_3261,21.2,15.5,Withdrawn,1
OULAD_3549,40.1,49.2,Withdrawn,1
OULAD_2342,78.9,83.3,Pass,0
OULAD_1320,71.6,85.8,Pass,0
OULAD_2619,46.4,62.3,Fail,1
OULAD_3447,48.2,56.3,Withdrawn,1
OULAD_3060,44.9,60.6,Fail,1
OULAD_2673,32.6,68.0,Fail,1
OULAD_2942,51.1,47.3,Fail,1
OULAD_1260,80.9,98.6,Distinction,0
OULAD_3354,25.8,19.4,Withdrawn,1
OULAD_3039,41.0,69.2,Fail,1
OULAD_1689,75.0,96.2,Pass,0
OULAD_1901,73.5,100.0,Pass,0
OULAD_3026,52.9,75.7,Fail,1
OULAD_1138,91.4,96.5,Distinction,0
OULAD_2917,38.9,55.1,Fail,1
OULAD_2828,48.2,72.7,Fail,1
OULAD_2573,49.5,64.4,Fail,1
OULAD_1319,63.3,100.0,Pass,0
OULAD_1653,64.7,87.0,Pass,0
OULAD_3137,0.0,39.7,Withdrawn,1
OULAD_3322,47.8,45.3,Withdrawn,1
OULAD_1558,67.2,86.1,Pass,0
OULAD_1112,86.9,87.5,Distinction,0
OULAD_1531,66.4,84.1,Pass,0
OULAD_1224,83.7,100.0,Distinction,0
OULAD_1723,64.9,93.9,Pass,0
OULAD_3428,2.9,15.7,Withdrawn,1
OULAD_3570,56.7,28.0,Withdrawn,1
OULAD_2433,32.0,65.9,Fail,1
OULAD_3329,59.0,0.0,Withdrawn,1
OULAD_2458,52.4,32.0,Fail,1
OULAD_3701,24.5,24.5,Withdrawn,1
OULAD_1846,92.6,96.9,Pass,0
OULAD_1193,79.0,96.9,Distinction,0
OULAD_2464,45.6,95.0,Fail,1
OULAD_1946,64.9,84.3,Pass,0
OULAD_3021,62.2,90.6,Fail,1
OULAD_2629,43.5,61.0,Fail,1
OULAD_1117,79.5,100.0,Distinction,0
OULAD_1645,73.5,79.8,Pass,0
OULAD_2870,35.7,71.8,Fail,1
OULAD_1003,95.6,96.0,Distinction,0
OULAD_1074,70.8,94.1,Distinction,0
OULAD_2755,25.0,86.1,Fail,1
OULAD_1467,79.8,85.9,Pass,0
OULAD_1005,85.1,97.8,Distinction,0
OULAD_2246,84.6,77.1,Pass,0
OULAD_1919,62.3,96.5,Pass,0
OULAD_1228,82.2,92.5,Distinction,0
OULAD_2063,84.4,74.2,Pass,0
OULAD_1242,89.5,95.0,Distinction,0
OULAD_3279,31.9,29.3,Withdrawn,1
OULAD_2160,73.8,88.4,Pass,0
OULAD_3513,56.1,32.1,Withdrawn,1
OULAD_2526,38.8,47.5,Fail,1
OULAD_2605,58.5,66.3,Fail,1
OULAD_3784,63.3,25.8,Withdrawn,1
OULAD_3666,27.8,39.1,Withdrawn,1
OULAD_3665,59.2,5.0,Withdrawn,1
OULAD_2989,41.1,60.7,Fail,1
OULAD_3609,46.5,28.6,Withdrawn,1
OULAD_2975,39.2,57.5,Fail,1
OULAD_2761,53.3,55.5,Fail,1
OULAD_2305,70.7,67.0,Pass,0
OULAD_2541,55.3,67.0,Fail,1
OULAD_1622,80.6,92.8,Pass,0
OULAD_3313,45.6,31.0,Withdrawn,1
OULAD_2493,50.0,86.5,Fail,1
OULAD_1110,75.0,92.6,Distinction,0
OULAD_3487,48.5,34.9,Withdrawn,1
OULAD_2169,77.6,100.0,Pass,0
OULAD_3461,59.0,38.6,Withdrawn,1
OULAD_1232,86.8,90.4,Distinction,0
OULAD_1066,86.1,92.7,Distinction,0
OULAD_3707,63.6,32.8,Withdrawn,1
OULAD_3072,48.9,37.8,Withdrawn,1
OULAD_3192,55.7,36.9,Withdrawn,1
OULAD_1536,73.0,91.8,Pass,0
OULAD_1125,99.6,94.1,Distinction,0
OULAD_3133,24.5,35.3,Withdrawn,1
OULAD_2254,67.7,92.6,Pass,0
OULAD_3484,40.6,0.0,Withdrawn,1
OULAD_2976,36.2,77.6,Fail,1
OULAD_3462,51.0,45.4,Withdrawn,1
OULAD_3488,32.3,16.6,Withdrawn,1
OULAD_3075,0.0,29.6,Withdrawn,1
OULAD_1484,62.5,87.1,Pass,0
OULAD_2654,27.8,53.8,Fail,1
OULAD_3676,44.5,30.9,Withdrawn,1
OULAD_3550,33.8,12.4,Withdrawn,1
OULAD_3405,51.3,28.1,Withdrawn,1
OULAD_2774,36.6,94.0,Fail,1
OULAD_1918,76.0,95.0,Pass,0
OULAD_2646,39.3,95.0,Fail,1
OULAD_2026,79.3,86.7,Pass,0
OULAD_2030,65.0,100.0,Pass,0
OULAD_1882,65.2,88.9,Pass,0
OULAD_2335,62.4,85.0,Pass,0
OULAD_3222,15.3,24.4,Withdrawn,1
OULAD_1364,61.9,80.6,Pass,0
OULAD_3125,33.1,17.1,Withdrawn,1
OULAD_1027,88.8,97.2,Distinction,0
OULAD_1473,71.2,82.1,Pass,0
OULAD_1525,80.5,73.0,Pass,0
OULAD_1725,68.5,82.3,Pass,0
OULAD_1055,92.1,91.1,Distinction,0
OULAD_1638,76.8,84.7,Pass,0
OULAD_1302,73.9,66.3,Pass,0
OULAD_3608,57.5,42.4,Withdrawn,1
OULAD_2276,62.0,92.7,Pass,0
OULAD_3635,39.7,39.3,Withdrawn,1
OULAD_1624,83.4,98.6,Pass,0
OULAD_3055,30.0,45.3,Fail,1
OULAD_2280,70.1,77.8,Pass,0
OULAD_2049,69.3,92.7,Pass,0
OULAD_1336,64.0,97.8,Pass,0
OULAD_1047,92.8,94.8,Distinction,0
OULAD_1106,97.8,99.5,Distinction,0
OULAD_2079,69.0,68.8,Pass,0
OULAD_2144,65.2,79.3,Pass,0
OULAD_3440,20.6,18.4,Withdrawn,1
OULAD_2836,51.3,88.9,Fail,1
OULAD_2753,37.7,68.3,Fail,1
OULAD_2101,86.4,93.5,Pass,0
OULAD_2968,52.1,64.6,Fail,1
OULAD_1523,59.5,86.9,Pass,0
OULAD_2428,68.0,61.7,Fail,1
OULAD_3607,61.9,21.9,Withdrawn,1
OULAD_1603,64.4,78.6,Pass,0
OULAD_2489,49.4,41.6,Fail,1
OULAD_3351,22.5,34.0,Withdrawn,1
OULAD_1060,83.6,96.0,Distinction,0
OULAD_3749,37.0,12.4,Withdrawn,1
OULAD_1671,78.9,94.0,Pass,0
OULAD_1092,82.3,95.6,Distinction,0
OULAD_1666,61.8,94.2,Pass,0
OULAD_2887,34.7,60.7,Fail,1
OULAD_1280,71.8,93.9,Pass,0
OULAD_2719,41.1,88.5,Fail,1
OULAD_1359,80.8,93.5,Pass,0
OULAD_1899,78.7,96.9,Pass,0
OULAD_2935,65.5,75.7,Fail,1
OULAD_2994,51.2,47.1,Fail,1
OULAD_3312,30.0,15.1,Withdrawn,1
OULAD_1760,68.7,97.9,Pass,0
OULAD_3158,47.0,25.1,Withdrawn,1
OULAD_3622,59.1,13.0,Withdrawn,1
OULAD_1042,85.8,99.3,Distinction,0
OULAD_3173,54.6,12.1,Withdrawn,1
OULAD_1204,78.2,100.0,Distinction,0
OULAD_2473,51.5,45.6,Fail,1
OULAD_3100,14.2,44.5,Withdrawn,1
OULAD_1068,88.7,97.7,Distinction,0
OULAD_2875,64.0,81.4,Fail,1
OULAD_3379,68.9,19.1,Withdrawn,1
OULAD_3231,17.4,36.1,Withdrawn,1
OULAD_1137,84.6,95.4,Distinction,0
OULAD_1796,59.3,100.0,Pass,0
OULAD_3180,61.4,31.5,Withdrawn,1
OULAD_3128,0.0,30.4,Withdrawn,1
OULAD_1758,76.5,85.7,Pass,0
OULAD_1541,67.0,100.0,Pass,0
OULAD_2019,51.6,84.7,Pass,0
OULAD_3288,52.6,18.3,Withdrawn,1
OULAD_1165,89.0,96.3,Distinction,0
OULAD_1248,97.1,96.4,Distinction,0
OULAD_2331,83.4,92.6,Pass,0
OULAD_3017,62.6,66.4,Fail,1
OULAD_1446,72.0,100.0,Pass,0
OULAD_2358,71.6,82.8,Pass,0
OULAD_3145,52.1,30.0,Withdrawn,1
OULAD_2329,64.4,96.5,Pass,0
OULAD_3910,20.4,36.1,Withdrawn,1
OULAD_3150,0.0,60.0,Withdrawn,1
OULAD_1434,57.0,89.6,Pass,0
OULAD_3122,65.1,23.9,Withdrawn,1
OULAD_1577,93.1,93.2,Pass,0
OULAD_3984,20.1,53.4,Withdrawn,1
OULAD_3741,7.5,12.1,Withdrawn,1
OULAD_2848,60.2,82.1,Fail,1
OULAD_1762,74.6,84.8,Pass,0
OULAD_1388,72.8,98.8,Pass,0
OULAD_1235,90.3,94.1,Distinction,0
OULAD_3605,24.7,31.5,Withdrawn,1
OULAD_2984,68.0,46.6,Fail,1
OULAD_1267,77.9,94.5,Distinction,0
OULAD_1770,86.2,86.1,Pass,0
OULAD_3165,20.8,43.6,Withdrawn,1
OULAD_1437,86.8,79.3,Pass,0
OULAD_1673,70.1,65.0,Pass,0
OULAD_1249,88.9,99.0,Distinction,0
OULAD_3201,32.6,19.8,Withdrawn,1
OULAD_2574,26.1,50.4,Fail,1
OULAD_3142,56.4,44.5,Withdrawn,1
OULAD_3081,62.3,30.2,Withdrawn,1
OULAD_3617,24.9,22.8,Withdrawn,1
OULAD_3903,4.5,45.0,Withdrawn,1
OULAD_3739,34.5,29.6,Withdrawn,1
OULAD_1448,67.7,90.9,Pass,0
OULAD_2469,43.8,62.1,Fail,1
OULAD_1716,84.5,76.2,Pass,0
OULAD_3398,43.9,0.0,Withdrawn,1
OULAD_3614,23.3,19.8,Withdrawn,1
OULAD_3048,46.2,56.8,Fail,1
OULAD_2901,51.4,45.2,Fail,1
OULAD_2168,75.4,90.8,Pass,0
OULAD_1082,95.4,99.4,Distinction,0
OULAD_3424,57.4,25.2,Withdrawn,1
OULAD_2460,38.4,92.0,Fail,1
OULAD_2893,33.7,78.8,Fail,1
OULAD_2668,48.8,58.3,Fail,1
OULAD_3000,37.9,75.3,Fail,1
OULAD_1475,64.5,90.8,Pass,0
OULAD_1517,75.1,85.1,Pass,0
OULAD_1404,58.3,85.3,Pass,0
OULAD_1384,94.2,90.1,Pass,0
OULAD_3981,48.3,54.0,Withdrawn,1
OULAD_3152,41.9,36.3,Withdrawn,1
OULAD_2633,48.7,49.9,Fail,1
OULAD_3859,39.4,17.9,Withdrawn,1
OULAD_1688,76.1,72.5,Pass,0
OULAD_2240,60.7,78.9,Pass,0
OULAD_1062,79.9,96.3,Distinction,0
OULAD_1852,76.7,100.0,Pass,0
OULAD_3751,38.7,8.3,Withdrawn,1
OULAD_3476,40.2,25.1,Withdrawn,1
OULAD_2262,73.9,90.6,Pass,0
OULAD_1223,76.8,92.6,Distinction,0
OULAD_3193,36.7,18.5,Withdrawn,1
OULAD_1373,57.5,95.6,Pass,0
OULAD_2824,30.6,57.9,Fail,1
OULAD_3536,35.8,11.1,Withdrawn,1
OULAD_3869,16.8,21.8,Withdrawn,1
OULAD_3597,72.0,23.6,Withdrawn,1
OULAD_3684,32.4,19.0,Withdrawn,1
OULAD_1009,89.8,94.5,Distinction,0
OULAD_2944,38.9,63.6,Fail,1
OULAD_2838,48.7,75.5,Fail,1
OULAD_1708,56.7,62.4,Pass,0
OULAD_1255,83.6,88.8,Distinction,0
OULAD_2617,51.4,69.8,Fail,1
OULAD_1389,69.7,88.2,Pass,0
OULAD_2581,53.2,74.9,Fail,1
OULAD_1924,56.7,96.9,Pass,0
OULAD_3036,44.7,59.7,Fail,1
OULAD_3403,51.8,29.5,Withdrawn,1
OULAD_2224,84.9,100.0,Pass,0
OULAD_2946,46.9,56.3,Fail,1
OULAD_1739,66.2,71.6,Pass,0
OULAD_1040,90.9,95.1,Distinction,0
OULAD_1868,76.4,94.7,Pass,0
OULAD_1539,62.9,87.5,Pass,0
OULAD_3510,45.8,30.2,Withdrawn,1
OULAD_2371,83.7,81.5,Pass,0
OULAD_2145,79.4,93.3,Pass,0
OULAD_2031,79.9,100.0,Pass,0
OULAD_1372,68.7,73.0,Pass,0
OULAD_1667,77.4,100.0,Pass,0
OULAD_1357,69.9,86.2,Pass,0
OULAD_1967,66.0,74.7,Pass,0
OULAD_2353,65.0,81.7,Pass,0
OULAD_2035,62.9,90.6,Pass,0
OULAD_1470,54.4,97.6,Pass,0
OULAD_2396,62.0,87.2,Pass,0
OULAD_3620,40.5,22.9,Withdrawn,1
OULAD_2549,32.7,81.1,Fail,1
OULAD_2256,88.0,96.5,Pass,0
OULAD_3094,34.2,26.2,Withdrawn,1
OULAD_2555,42.9,47.9,Fail,1
OULAD_3589,27.6,52.6,Withdrawn,1
OULAD_2250,82.0,76.2,Pass,0
OULAD_2699,23.6,55.0,Fail,1
OULAD_2252,69.0,94.0,Pass,0
OULAD_3780,0.0,8.3,Withdrawn,1
OULAD_1079,74.6,95.1,Distinction,0
OULAD_2172,72.6,87.5,Pass,0
OULAD_1814,74.4,81.5,Pass,0
OULAD_2852,35.1,58.8,Fail,1
OULAD_3220,51.2,56.6,Withdrawn,1
OULAD_3628,44.3,15.0,Withdrawn,1
OULAD_3105,50.8,31.2,Withdrawn,1
OULAD_1133,89.3,96.2,Distinction,0
OULAD_2140,83.0,72.1,Pass,0
OULAD_1933,75.9,82.7,Pass,0
OULAD_1928,73.0,88.1,Pass,0
OULAD_1823,71.5,96.9,Pass,0
OULAD_2531,40.4,52.1,Fail,1
OULAD_2214,73.0,92.1,Pass,0
OULAD_1504,76.6,70.0,Pass,0
OULAD_3964,54.9,49.9,Withdrawn,1
OULAD_3395,21.2,40.9,Withdrawn,1
OULAD_2996,54.2,68.4,Fail,1
OULAD_2958,50.8,93.8,Fail,1
OULAD_2384,74.0,87.7,Pass,0
OULAD_1894,80.2,100.0,Pass,0
OULAD_1828,79.2,83.9,Pass,0
OULAD_3920,4.2,48.0,Withdrawn,1
OULAD_2683,51.0,56.9,Fail,1
OULAD_3574,53.5,12.3,Withdrawn,1
OULAD_3969,48.9,18.5,Withdrawn,1
OULAD_3512,41.9,38.2,Withdrawn,1
OULAD_1652,72.2,91.9,Pass,0
OULAD_1172,86.0,87.7,Distinction,0
OULAD_1038,78.5,98.2,Distinction,0
OULAD_3860,61.7,47.9,Withdrawn,1
OULAD_1713,70.6,85.4,Pass,0
OULAD_1090,87.1,98.1,Distinction,0
OULAD_3954,80.0,36.5,Withdrawn,1
OULAD_2205,76.8,94.7,Pass,0
OULAD_3585,80.0,16.4,Withdrawn,1
OULAD_2827,30.9,77.8,Fail,1
OULAD_2155,53.3,83.9,Pass,0
OULAD_2324,49.7,100.0,Pass,0
OULAD_1216,81.9,93.4,Distinction,0
OULAD_1510,72.6,68.2,Pass,0
OULAD_2680,24.2,54.5,Fail,1
OULAD_1499,87.3,89.4,Pass,0
OULAD_3548,41.7,20.1,Withdrawn,1
OULAD_2856,35.5,82.3,Fail,1
OULAD_2388,61.9,84.4,Pass,0
OULAD_2519,57.8,57.9,Fail,1
OULAD_3386,21.2,49.6,Withdrawn,1
OULAD_3721,34.8,55.6,Withdrawn,1
OULAD_3076,49.0,28.7,Withdrawn,1
OULAD_2540,60.5,65.6,Fail,1
OULAD_2217,55.2,95.0,Pass,0
OULAD_2416,61.0,92.5,Fail,1
OULAD_3217,45.3,19.9,Withdrawn,1
OULAD_3621,46.4,0.0,Withdrawn,1
OULAD_2676,45.3,25.8,Fail,1
OULAD_2197,74.6,65.9,Pass,0
OULAD_2542,51.6,61.8,Fail,1
OULAD_1953,74.7,99.1,Pass,0
OULAD_1750,75.7,76.9,Pass,0
OULAD_1234,99.4,93.4,Distinction,0
OULAD_1732,71.5,89.7,Pass,0
OULAD_3992,36.0,12.0,Withdrawn,1
OULAD_2156,89.5,78.0,Pass,0
OULAD_3573,67.0,22.0,Withdrawn,1
OULAD_3445,25.6,24.4,Withdrawn,1
OULAD_2209,67.1,100.0,Pass,0
OULAD_2065,68.0,95.2,Pass,0
OULAD_3156,75.6,30.2,Withdrawn,1
OULAD_2062,69.1,80.1,Pass,0
OULAD_2167,85.5,98.0,Pass,0
OULAD_2492,39.2,25.6,Fail,1
OULAD_3474,48.7,25.3,Withdrawn,1
OULAD_1884,85.8,79.7,Pass,0
OULAD_1143,87.6,100.0,Distinction,0
OULAD_3942,42.2,28.0,Withdrawn,1
OULAD_1850,80.9,92.4,Pass,0
OULAD_1717,78.9,99.1,Pass,0
OULAD_3864,33.7,18.9,Withdrawn,1
OULAD_1264,85.0,93.4,Distinction,0
OULAD_1075,91.4,96.9,Distinction,0
OULAD_1395,72.0,72.2,Pass,0
OULAD_3545,36.4,1.3,Withdrawn,1
OULAD_3224,63.7,60.0,Withdrawn,1
OULAD_3799,32.6,17.6,Withdrawn,1
OULAD_1396,68.7,90.7,Pass,0
OULAD_2365,67.4,85.2,Pass,0
OULAD_3500,31.3,39.3,Withdrawn,1
OULAD_2903,33.8,66.6,Fail,1
OULAD_1595,67.5,90.1,Pass,0
OULAD_3109,35.8,29.3,Withdrawn,1
OULAD_2296,71.6,89.4,Pass,0
OULAD_2821,21.7,75.5,Fail,1
OULAD_1872,69.6,99.9,Pass,0
OULAD_3911,58.0,26.6,Withdrawn,1
OULAD_3326,25.8,19.7,Withdrawn,1
OULAD_2548,59.6,86.5,Fail,1
OULAD_1036,87.8,100.0,Distinction,0
OULAD_3526,37.0,45.9,Withdrawn,1
OULAD_3143,8.5,21.5,Withdrawn,1
OULAD_3940,70.8,6.9,Withdrawn,1
OULAD_1977,64.1,78.8,Pass,0
OULAD_2571,61.3,61.7,Fail,1
OULAD_2122,89.1,93.6,Pass,0
OULAD_3239,33.6,41.4,Withdrawn,1
OULAD_2892,48.6,65.9,Fail,1
OULAD_1675,61.4,75.8,Pass,0
OULAD_1728,65.9,75.6,Pass,0
OULAD_1412,66.3,85.8,Pass,0
OULAD_2516,44.6,52.5,Fail,1
OULAD_2649,41.3,63.1,Fail,1
OULAD_1825,70.3,95.3,Pass,0
OULAD_1616,76.3,100.0,Pass,0
OULAD_1114,85.3,93.0,Distinction,0
OULAD_1417,67.6,100.0,Pass,0
OULAD_2625,51.4,59.3,Fail,1
OULAD_3939,39.5,60.0,Withdrawn,1
OULAD_1089,89.6,92.7,Distinction,0
OULAD_3082,43.5,29.4,Withdrawn,1
OULAD_1753,90.3,99.4,Pass,0
OULAD_2630,53.3,84.2,Fail,1
OULAD_1011,83.7,98.6,Distinction,0
OULAD_3444,38.8,40.1,Withdrawn,1
OULAD_1284,74.0,89.3,Pass,0
OULAD_2066,65.5,85.7,Pass,0
OULAD_2191,60.0,94.2,Pass,0
OULAD_2440,39.4,87.0,Fail,1
OULAD_3801,66.5,24.2,Withdrawn,1
OULAD_3800,80.0,32.7,Withdrawn,1
OULAD_3710,47.0,29.4,Withdrawn,1
OULAD_2568,52.5,62.8,Fail,1
OULAD_3427,61.4,27.7,Withdrawn,1
OULAD_3577,41.4,31.1,Withdrawn,1
OULAD_2687,53.0,95.0,Fail,1
OULAD_1851,81.7,92.0,Pass,0
OULAD_3207,24.6,19.9,Withdrawn,1
OULAD_1895,93.0,100.0,Pass,0
OULAD_1496,70.7,72.3,Pass,0
OULAD_3305,53.6,45.3,Withdrawn,1
OULAD_2782,68.0,88.3,Fail,1
OULAD_1335,87.9,90.4,Pass,0
OULAD_1515,80.7,78.8,Pass,0
OULAD_2348,67.2,76.7,Pass,0
OULAD_2015,59.0,93.1,Pass,0
OULAD_3808,29.7,60.0,Withdrawn,1
OULAD_3803,46.2,57.1,Withdrawn,1
OULAD_2781,54.5,73.9,Fail,1
OULAD_2785,23.4,62.3,Fail,1
OULAD_3070,53.1,9.1,Withdrawn,1
OULAD_1356,62.1,100.0,Pass,0
OULAD_3852,52.6,37.8,Withdrawn,1
OULAD_2312,61.9,77.4,Pass,0
OULAD_2635,21.4,70.5,Fail,1
OULAD_1550,66.3,87.5,Pass,0
OULAD_3388,14.1,6.7,Withdrawn,1
OULAD_3479,37.8,45.6,Withdrawn,1
OULAD_3521,45.5,17.4,Withdrawn,1
OULAD_3265,30.4,14.9,Withdrawn,1
OULAD_2227,81.9,97.4,Pass,0
OULAD_3822,31.7,10.2,Withdrawn,1
OULAD_1957,69.7,70.9,Pass,0
OULAD_2773,42.0,40.3,Fail,1
OULAD_3141,32.3,36.6,Withdrawn,1
OULAD_2008,72.7,91.9,Pass,0
OULAD_2092,72.1,84.7,Pass,0
OULAD_3674,70.9,6.9,Withdrawn,1
OULAD_1996,70.0,75.0,Pass,0
OULAD_2679,47.7,38.5,Fail,1
OULAD_1153,87.9,99.9,Distinction,0
OULAD_3782,51.6,35.3,Withdrawn,1
OULAD_1580,65.4,96.0,Pass,0
OULAD_2470,19.1,71.0,Fail,1
OULAD_1703,65.1,78.0,Pass,0
OULAD_2212,86.5,88.8,Pass,0
OULAD_1896,83.5,94.1,Pass,0
OULAD_1487,72.7,100.0,Pass,0
OULAD_1559,68.5,99.3,Pass,0
OULAD_2141,76.0,69.2,Pass,0
OULAD_2119,64.2,76.7,Pass,0
OULAD_1512,74.4,77.3,Pass,0
OULAD_1633,82.5,89.5,Pass,0
OULAD_3584,54.7,46.7,Withdrawn,1
OULAD_2664,37.2,79.3,Fail,1
OULAD_2012,77.4,85.7,Pass,0
OULAD_2931,43.1,64.4,Fail,1
OULAD_2150,75.8,77.9,Pass,0
OULAD_3805,23.7,30.2,Withdrawn,1
OULAD_1116,86.3,97.4,Distinction,0
OULAD_1740,82.9,86.2,Pass,0
OULAD_3763,53.2,5.5,Withdrawn,1
OULAD_2974,59.3,81.8,Fail,1
OULAD_2081,54.8,81.1,Pass,0
OULAD_2810,33.4,70.4,Fail,1
OULAD_1830,80.0,89.1,Pass,0
OULAD_1119,91.0,93.7,Distinction,0
OULAD_1656,66.0,63.6,Pass,0
OULAD_3732,16.9,44.4,Withdrawn,1
OULAD_3692,54.1,33.3,Withdrawn,1
OULAD_3932,9.7,29.6,Withdrawn,1
OULAD_1635,71.4,99.2,Pass,0
OULAD_1369,59.3,81.1,Pass,0
OULAD_1268,83.9,100.0,Distinction,0
OULAD_1046,83.7,98.7,Distinction,0
OULAD_1991,71.7,89.8,Pass,0
OULAD_1876,61.1,95.8,Pass,0
OULAD_1773,70.7,100.0,Pass,0
OULAD_2219,82.4,83.2,Pass,0
OULAD_2126,58.9,97.8,Pass,0
OULAD_1004,85.1,92.1,Distinction,0
OULAD_2595,30.0,42.4,Fail,1
OULAD_3311,45.2,47.7,Withdrawn,1
OULAD_3491,72.9,44.3,Withdrawn,1
OULAD_2077,79.4,87.5,Pass,0
OULAD_1837,61.5,74.7,Pass,0
OULAD_1681,74.2,91.0,Pass,0
OULAD_2715,54.9,55.1,Fail,1
OULAD_3352,64.6,30.7,Withdrawn,1
OULAD_3361,1.9,29.8,Withdrawn,1
OULAD_3197,6.1,22.6,Withdrawn,1
OULAD_2148,84.8,91.3,Pass,0
OULAD_1574,72.5,97.5,Pass,0
OULAD_1050,88.4,96.4,Distinction,0
OULAD_1853,60.7,77.3,Pass,0
OULAD_2982,45.1,73.3,Fail,1
OULAD_2823,68.0,30.7,Fail,1
OULAD_1833,69.7,72.4,Pass,0
OULAD_2115,73.7,92.8,Pass,0
OULAD_2166,68.8,100.0,Pass,0
OULAD_3518,33.7,8.2,Withdrawn,1
OULAD_2906,45.4,74.1,Fail,1
OULAD_1971,69.2,78.4,Pass,0
OULAD_1399,80.8,97.0,Pass,0
OULAD_3559,49.7,40.4,Withdrawn,1
OULAD_3368,35.9,20.2,Withdrawn,1
OULAD_1019,78.0,93.5,Distinction,0
OULAD_1684,70.3,98.4,Pass,0
OULAD_1035,79.2,96.5,Distinction,0
OULAD_3829,52.9,49.8,Withdrawn,1
OULAD_1524,61.3,100.0,Pass,0
OULAD_3455,62.6,50.4,Withdrawn,1
OULAD_1920,71.9,85.1,Pass,0
OULAD_2841,49.6,68.9,Fail,1
OULAD_2890,50.1,51.8,Fail,1
OULAD_1537,66.7,87.7,Pass,0
OULAD_2705,49.0,73.5,Fail,1
OULAD_3931,33.8,15.3,Withdrawn,1
OULAD_1245,84.5,99.0,Distinction,0
OULAD_1784,66.0,89.9,Pass,0
OULAD_2409,67.1,68.7,Pass,0
OULAD_3537,50.8,22.3,Withdrawn,1
OULAD_1154,88.3,98.6,Distinction,0
OULAD_2686,58.5,66.9,Fail,1
OULAD_1625,76.8,100.0,Pass,0
OULAD_3876,28.7,2.1,Withdrawn,1
OULAD_2346,73.7,90.0,Pass,0
OULAD_1569,69.1,92.1,Pass,0
OULAD_3933,36.1,0.0,Withdrawn,1
OULAD_2758,44.8,86.3,Fail,1
OULAD_2816,35.8,25.5,Fail,1
OULAD_3065,30.6,58.0,Fail,1
OULAD_1127,83.1,100.0,Distinction,0
OULAD_3977,41.6,38.0,Withdrawn,1
OULAD_3006,56.1,58.5,Fail,1
OULAD_1980,74.0,69.5,Pass,0
OULAD_3974,56.9,35.2,Withdrawn,1
OULAD_1190,83.8,100.0,Distinction,0
OULAD_2139,68.7,100.0,Pass,0
OULAD_1992,75.8,82.5,Pass,0
OULAD_1699,58.1,94.0,Pass,0
OULAD_1606,66.3,85.4,Pass,0
OULAD_1180,90.3,95.7,Distinction,0
OULAD_1301,86.1,86.8,Pass,0
OULAD_3544,43.0,22.2,Withdrawn,1
OULAD_3775,51.6,7.2,Withdrawn,1
OULAD_2060,84.8,98.7,Pass,0
OULAD_3819,53.4,23.8,Withdrawn,1
OULAD_3878,35.1,14.9,Withdrawn,1
OULAD_3565,0.0,39.0,Withdrawn,1
OULAD_2069,72.5,94.9,Pass,0
OULAD_3524,41.9,14.3,Withdrawn,1
OULAD_3205,40.2,41.2,Withdrawn,1
OULAD_2243,54.2,98.3,Pass,0
OULAD_1016,80.4,95.4,Distinction,0
OULAD_3980,55.1,12.0,Withdrawn,1
OULAD_1546,73.4,66.6,Pass,0
OULAD_1658,85.1,100.0,Pass,0
OULAD_3704,0.2,22.5,Withdrawn,1
OULAD_3735,13.3,23.5,Withdrawn,1
OULAD_2504,54.2,42.1,Fail,1
OULAD_1959,90.9,100.0,Pass,0
OULAD_3331,61.3,23.9,Withdrawn,1
OULAD_1797,81.4,91.6,Pass,0
OULAD_1225,93.0,98.2,Distinction,0
OULAD_3074,14.7,31.2,Withdrawn,1
OULAD_2799,51.4,82.9,Fail,1
OULAD_3485,36.6,39.9,Withdrawn,1
OULAD_3962,55.2,28.6,Withdrawn,1
OULAD_3277,13.5,7.8,Withdrawn,1
OULAD_3085,38.1,60.0,Withdrawn,1
OULAD_2693,58.8,79.8,Fail,1
OULAD_2045,59.2,100.0,Pass,0
OULAD_1469,80.1,79.9,Pass,0
OULAD_1954,69.3,81.7,Pass,0
OULAD_3976,4.7,54.5,Withdrawn,1
OULAD_1639,90.5,89.6,Pass,0
OULAD_3778,31.9,28.5,Withdrawn,1
OULAD_2218,57.3,83.6,Pass,0
OULAD_2158,69.0,96.6,Pass,0
OULAD_2415,66.4,55.7,Fail,1
OULAD_3713,24.4,34.4,Withdrawn,1
OULAD_2527,43.2,83.1,Fail,1
OULAD_3921,54.3,30.6,Withdrawn,1
OULAD_2300,78.1,79.8,Pass,0
OULAD_3866,42.1,17.5,Withdrawn,1
OULAD_2603,29.2,79.8,Fail,1
OULAD_1160,80.7,91.3,Distinction,0
OULAD_2704,50.7,33.1,Fail,1
OULAD_1956,71.4,82.6,Pass,0
OULAD_3915,71.4,13.7,Withdrawn,1
OULAD_1877,58.0,85.5,Pass,0
OULAD_2919,56.0,51.1,Fail,1
OULAD_2884,31.5,54.5,Fail,1
OULAD_3200,39.6,22.7,Withdrawn,1
OULAD_1098,86.5,96.4,Distinction,0
OULAD_3827,21.8,28.6,Withdrawn,1
OULAD_3557,28.8,44.8,Withdrawn,1
OULAD_1253,92.7,98.3,Distinction,0
OULAD_1103,81.7,99.8,Distinction,0
OULAD_2445,39.8,73.6,Fail,1
OULAD_2443,48.6,33.5,Fail,1
OULAD_2648,31.6,61.7,Fail,1
OULAD_1586,63.5,87.7,Pass,0
OULAD_1627,72.3,82.9,Pass,0
OULAD_2696,30.5,47.4,Fail,1
OULAD_3101,39.1,36.0,Withdrawn,1
OULAD_3199,58.7,42.8,Withdrawn,1
OULAD_1403,67.7,97.0,Pass,0
OULAD_2154,61.6,79.0,Pass,0
OULAD_3255,60.7,9.9,Withdrawn,1
OULAD_2682,44.9,87.6,Fail,1
OULAD_3056,41.1,49.1,Fail,1
OULAD_3844,19.1,39.5,Withdrawn,1
OULAD_1452,58.9,95.9,Pass,0
OULAD_3301,32.2,23.0,Withdrawn,1
OULAD_2327,89.5,91.4,Pass,0
OULAD_3049,31.9,46.3,Fail,1
OULAD_1880,62.1,100.0,Pass,0
OULAD_3918,45.5,38.3,Withdrawn,1
OULAD_1623,81.5,93.1,Pass,0
OULAD_3393,62.9,30.4,Withdrawn,1
OULAD_3772,54.3,39.2,Withdrawn,1
OULAD_2787,23.4,75.6,Fail,1
OULAD_1262,70.0,95.7,Distinction,0
OULAD_2634,54.6,62.5,Fail,1
OULAD_2438,38.7,74.0,Fail,1
OULAD_3198,21.8,14.5,Withdrawn,1
OULAD_2969,37.3,52.6,Fail,1
OULAD_3520,31.0,16.1,Withdrawn,1
OULAD_2802,66.0,45.2,Fail,1
OULAD_1640,68.2,96.3,Pass,0
OULAD_3385,47.2,28.4,Withdrawn,1
OULAD_3598,26.6,29.8,Withdrawn,1
OULAD_3830,34.9,24.2,Withdrawn,1
OULAD_2959,47.6,79.4,Fail,1
OULAD_1488,63.3,93.6,Pass,0
OULAD_2843,58.7,49.8,Fail,1
OULAD_2734,51.2,48.9,Fail,1
OULAD_1146,79.1,100.0,Distinction,0
OULAD_2534,49.9,79.1,Fail,1
OULAD_2986,52.1,91.3,Fail,1
OULAD_2369,61.4,92.8,Pass,0
OULAD_3450,33.2,20.9,Withdrawn,1
OULAD_3936,60.9,47.6,Withdrawn,1
OULAD_1659,70.4,97.3,Pass,0
OULAD_2794,34.6,58.3,Fail,1
OULAD_3511,24.3,39.7,Withdrawn,1
OULAD_1186,89.3,95.6,Distinction,0
OULAD_2147,73.4,88.0,Pass,0
OULAD_1608,70.9,94.4,Pass,0
OULAD_3191,36.8,27.3,Withdrawn,1
OULAD_2930,54.5,49.5,Fail,1
OULAD_1197,87.4,99.0,Distinction,0
OULAD_3327,24.6,31.5,Withdrawn,1
OULAD_1293,68.1,99.1,Pass,0
OULAD_1766,60.0,71.9,Pass,0
OULAD_1400,82.2,83.2,Pass,0
OULAD_1122,94.9,90.7,Distinction,0
OULAD_1202,93.0,89.9,Distinction,0
OULAD_1835,61.6,89.0,Pass,0
OULAD_3294,31.3,49.2,Withdrawn,1
OULAD_2439,39.5,55.4,Fail,1
OULAD_2733,38.8,67.9,Fail,1
OULAD_2695,50.3,65.3,Fail,1
OULAD_3928,56.5,46.9,Withdrawn,1
OULAD_2707,36.9,42.9,Fail,1
OULAD_3913,39.4,34.5,Withdrawn,1
OULAD_2153,63.4,90.6,Pass,0
OULAD_2661,66.4,50.1,Fail,1
OULAD_3432,13.5,29.7,Withdrawn,1
OULAD_2759,41.0,73.7,Fail,1
OULAD_1854,85.7,94.8,Pass,0
OULAD_2589,44.1,95.0,Fail,1
OULAD_3267,51.1,19.2,Withdrawn,1
OULAD_1641,73.0,79.3,Pass,0
OULAD_1001,85.7,90.3,Distinction,0
OULAD_3160,13.7,32.4,Withdrawn,1
OULAD_1698,70.6,84.7,Pass,0
OULAD_2636,59.9,55.6,Fail,1
OULAD_2291,64.3,98.9,Pass,0
OULAD_3856,33.9,0.0,Withdrawn,1
OULAD_3489,53.8,21.8,Withdrawn,1
OULAD_2520,56.4,84.2,Fail,1
OULAD_2853,60.1,36.0,Fail,1
OULAD_2136,58.2,74.2,Pass,0
OULAD_3898,36.7,28.6,Withdrawn,1
OULAD_2631,47.9,91.1,Fail,1
OULAD_2998,43.3,43.6,Fail,1
OULAD_1663,51.2,90.0,Pass,0
OULAD_1683,84.0,76.6,Pass,0
OULAD_2257,84.9,75.7,Pass,0
OULAD_1317,63.4,96.1,Pass,0
OULAD_1648,67.0,90.6,Pass,0
OULAD_2434,48.6,56.0,Fail,1
OULAD_2479,50.6,64.4,Fail,1
OULAD_1709,77.8,86.1,Pass,0
OULAD_2282,63.1,87.6,Pass,0
OULAD_2768,57.7,47.6,Fail,1
OULAD_1972,65.8,91.4,Pass,0
OULAD_3675,36.9,28.3,Withdrawn,1
OULAD_3680,61.9,12.8,Withdrawn,1
OULAD_2306,56.5,94.3,Pass,0
OULAD_2400,68.8,86.8,Pass,0
OULAD_2408,80.0,91.9,Pass,0
OULAD_3237,55.2,47.2,Withdrawn,1
OULAD_2496,41.0,69.1,Fail,1
OULAD_3038,41.3,61.4,Fail,1
OULAD_2529,41.3,60.9,Fail,1
OULAD_2663,65.6,67.6,Fail,1
OULAD_2354,87.9,90.5,Pass,0
OULAD_3924,30.2,0.0,Withdrawn,1
OULAD_3944,43.4,35.9,Withdrawn,1
OULAD_2643,36.6,26.6,Fail,1
OULAD_2051,75.8,95.4,Pass,0
OULAD_1795,60.9,92.7,Pass,0
OULAD_3693,48.9,11.2,Withdrawn,1
OULAD_2597,27.4,75.6,Fail,1
OULAD_3604,56.8,34.7,Withdrawn,1
OULAD_3729,55.3,27.2,Withdrawn,1
OULAD_3625,38.4,26.4,Withdrawn,1
OULAD_2819,45.5,80.3,Fail,1
OULAD_2722,25.2,69.6,Fail,1
OULAD_2183,94.4,88.6,Pass,0
OULAD_3572,37.9,22.5,Withdrawn,1
OULAD_2059,76.4,85.9,Pass,0
OULAD_1540,69.3,70.3,Pass,0
OULAD_2678,22.6,90.7,Fail,1
OULAD_3796,45.4,60.0,Withdrawn,1
OULAD_3955,19.8,41.7,Withdrawn,1
OULAD_3532,71.4,49.0,Withdrawn,1
OULAD_2757,47.9,73.8,Fail,1
OULAD_2923,52.9,78.5,Fail,1
OULAD_1095,77.7,94.4,Distinction,0
OULAD_2020,74.5,93.6,Pass,0
OULAD_1563,64.1,89.9,Pass,0
OULAD_3790,33.4,2.0,Withdrawn,1
OULAD_1863,75.1,88.3,Pass,0
OULAD_2484,52.1,31.9,Fail,1
OULAD_2881,16.1,50.0,Fail,1
OULAD_2038,80.8,80.2,Pass,0
OULAD_1206,89.6,98.3,Distinction,0
OULAD_1392,70.7,80.9,Pass,0
OULAD_3842,56.9,4.1,Withdrawn,1
OULAD_1870,68.3,70.7,Pass,0
OULAD_1397,84.5,93.1,Pass,0
OULAD_3814,53.4,0.0,Withdrawn,1
OULAD_3882,56.2,38.8,Withdrawn,1
OULAD_2028,73.4,83.6,Pass,0
OULAD_3690,19.1,29.1,Withdrawn,1
OULAD_2485,68.0,64.4,Fail,1
OULAD_3660,20.6,27.1,Withdrawn,1
OULAD_1960,66.0,86.4,Pass,0
OULAD_2570,49.2,56.1,Fail,1
OULAD_3773,39.5,14.6,Withdrawn,1
OULAD_2895,58.7,71.5,Fail,1
OULAD_3731,41.0,28.7,Withdrawn,1
OULAD_3146,75.4,26.0,Withdrawn,1
OULAD_1804,80.0,83.3,Pass,0
OULAD_2751,51.5,69.8,Fail,1
OULAD_3454,63.2,43.6,Withdrawn,1
OULAD_1502,76.7,94.4,Pass,0
OULAD_1779,83.4,93.9,Pass,0
OULAD_2863,54.7,78.7,Fail,1
OULAD_1200,88.6,94.9,Distinction,0
OULAD_3182,45.8,24.8,Withdrawn,1
OULAD_3088,30.3,29.4,Withdrawn,1
OULAD_3278,25.1,15.6,Withdrawn,1
OULAD_2796,36.7,70.8,Fail,1
OULAD_1378,68.9,91.2,Pass,0
OULAD_3336,39.9,19.8,Withdrawn,1
OULAD_1418,77.4,87.0,Pass,0
OULAD_2698,51.4,77.0,Fail,1
OULAD_1391,66.1,87.4,Pass,0
OULAD_3640,31.0,40.6,Withdrawn,1
OULAD_2522,35.3,95.0,Fail,1
OULAD_2162,78.7,85.0,Pass,0
OULAD_2495,55.0,65.9,Fail,1
OULAD_3695,46.5,36.4,Withdrawn,1
OULAD_3027,30.7,54.4,Fail,1
OULAD_2152,67.7,78.7,Pass,0
OULAD_2367,74.8,85.6,Pass,0
OULAD_3568,5.7,32.4,Withdrawn,1
OULAD_1064,91.4,99.9,Distinction,0
OULAD_3062,46.6,84.3,Fail,1
OULAD_2180,73.8,100.0,Pass,0
OULAD_1492,94.0,99.7,Pass,0
OULAD_1379,77.3,100.0,Pass,0
OULAD_3235,13.2,60.0,Withdrawn,1
OULAD_1763,76.8,89.5,Pass,0
OULAD_3264,50.5,47.1,Withdrawn,1
OULAD_1791,45.4,86.1,Pass,0
OULAD_2076,48.0,84.1,Pass,0
OULAD_1878,85.4,82.0,Pass,0
OULAD_1337,59.8,93.0,Pass,0
OULAD_3767,28.3,26.7,Withdrawn,1
OULAD_3343,0.0,19.0,Withdrawn,1
OULAD_2016,54.5,93.7,Pass,0
OULAD_2275,75.2,91.2,Pass,0
OULAD_1455,69.3,71.4,Pass,0
OULAD_1815,74.9,100.0,Pass,0
OULAD_3317,16.2,24.5,Withdrawn,1
OULAD_1995,58.3,100.0,Pass,0
OULAD_2981,36.4,68.3,Fail,1
OULAD_1201,89.9,86.8,Distinction,0
OULAD_1161,91.2,87.8,Distinction,0
OULAD_2579,68.0,57.2,Fail,1
OULAD_3777,32.5,22.3,Withdrawn,1
OULAD_3449,25.8,5.5,Withdrawn,1
OULAD_1702,78.6,88.4,Pass,0
OULAD_2500,39.6,59.6,Fail,1
OULAD_2129,65.1,88.5,Pass,0
OULAD_3613,29.4,29.5,Withdrawn,1
OULAD_2021,93.4,77.8,Pass,0
OULAD_2585,46.9,71.6,Fail,1
OULAD_2955,68.0,59.3,Fail,1
OULAD_3253,22.6,4.3,Withdrawn,1
OULAD_1034,91.4,95.9,Distinction,0
OULAD_1775,79.0,100.0,Pass,0
OULAD_3556,30.0,29.2,Withdrawn,1
OULAD_2478,41.4,45.0,Fail,1
OULAD_2390,82.9,89.8,Pass,0
OULAD_3139,21.7,17.5,Withdrawn,1
OULAD_2363,80.3,72.5,Pass,0
OULAD_3612,68.5,44.6,Withdrawn,1
OULAD_3824,22.8,18.4,Withdrawn,1
OULAD_3041,30.9,51.0,Fail,1
OULAD_1241,85.8,95.8,Distinction,0
OULAD_3061,45.0,65.0,Fail,1
OULAD_3363,31.9,13.2,Withdrawn,1
OULAD_1600,69.4,71.9,Pass,0
OULAD_3435,48.8,18.2,Withdrawn,1
OULAD_2297,75.6,88.2,Pass,0
OULAD_3214,28.0,33.8,Withdrawn,1
OULAD_3888,41.1,0.0,Withdrawn,1
OULAD_3068,59.8,81.0,Fail,1
OULAD_1646,76.5,83.2,Pass,0
OULAD_2528,26.3,71.1,Fail,1
OULAD_3879,49.8,33.1,Withdrawn,1
OULAD_2267,66.2,72.4,Pass,0
OULAD_2899,46.0,88.2,Fail,1
OULAD_1562,62.0,94.6,Pass,0
OULAD_3734,37.3,18.8,Withdrawn,1
OULAD_1189,77.4,91.2,Distinction,0
OULAD_2806,26.1,82.1,Fail,1
OULAD_1975,60.0,80.4,Pass,0
OULAD_3747,26.3,31.2,Withdrawn,1
OULAD_3047,41.5,31.0,Fail,1
OULAD_3558,61.7,27.5,Withdrawn,1
OULAD_2082,75.9,83.1,Pass,0
OULAD_1474,75.7,87.7,Pass,0
OULAD_3904,15.5,13.7,Withdrawn,1
OULAD_1747,66.6,84.8,Pass,0
OULAD_3300,10.6,24.7,Withdrawn,1
OULAD_1021,85.1,94.0,Distinction,0
OULAD_1459,64.0,83.9,Pass,0
OULAD_2184,76.1,96.5,Pass,0
OULAD_3324,57.1,31.2,Withdrawn,1
OULAD_1955,69.8,100.0,Pass,0
OULAD_2215,79.4,79.4,Pass,0
OULAD_3433,49.4,22.5,Withdrawn,1
OULAD_3853,67.5,12.3,Withdrawn,1
OULAD_2515,49.0,41.7,Fail,1
OULAD_3391,75.3,30.6,Withdrawn,1
OULAD_1769,80.4,88.1,Pass,0
OULAD_2685,61.4,29.6,Fail,1
OULAD_1130,77.2,89.6,Distinction,0
OULAD_3919,80.0,10.4,Withdrawn,1
OULAD_3135,30.7,28.8,Withdrawn,1
OULAD_2482,55.2,71.2,Fail,1
OULAD_1330,77.8,87.0,Pass,0
OULAD_2238,71.8,88.2,Pass,0
OULAD_1466,73.3,82.4,Pass,0
OULAD_3169,40.6,10.0,Withdrawn,1
OULAD_2638,51.1,72.6,Fail,1
OULAD_2095,69.6,79.7,Pass,0
OULAD_2130,61.6,80.9,Pass,0
OULAD_2294,77.6,90.5,Pass,0
OULAD_1860,73.9,91.5,Pass,0
